{"timestamp":"2026-09-16T17:36:22.620Z","level":"warn","event":"auth_failure","details":{"path":"/auth/me"}}
{"timestamp":"2026-09-18T07:16:05.786Z","level":"http","event":"request","details":{"message":"\u001b[0mGET /api/v1/push/vapid-key \u001b[32m200\u001b[0m 7.330 ms - 123\u001b[0m"}}
{"timestamp":"2026-09-18T07:16:05.804Z","level":"http","event":"request","details":{"message":"\u001b[0mGET /api/v1/push/vapid-key \u001b[36m304\u001b[0m 1.151 ms - -\u001b[0m"}}
{"timestamp":"2026-09-18T07:16:05.851Z","level":"http","event":"request","details":{"message":"\u001b[0mGET /auth/me \u001b[33m401\u001b[0m 104.800 ms - 121\u001b[0m"}}
{"timestamp":"2026-09-18T07:16:05.861Z","level":"http","event":"request","details":{"message":"\u001b[0mOPTIONS /api/v1/push/subscribe \u001b[32m204\u001b[0m 0.716 ms - 0\u001b[0m"}}
{"timestamp":"2026-09-18T07:16:05.873Z","level":"http","event":"request","details":{"message":"\u001b[0mOPTIONS /api/v1/push/subscribe \u001b[32m204\u001b[0m 0.726 ms - 0\u001b[0m"}}
{"timestamp":"2026-09-18T07:16:05.889Z","level":"http","event":"request","details":{"message":"\u001b[0mGET /api/v1/posts \u001b[33m401\u001b[0m 146.345 ms - 121\u001b[0m"}}
{"timestamp":"2026-09-18T07:16:06.565Z","level":"http","event":"request","details":{"message":"\u001b[0mGET /auth/me \u001b[33m401\u001b[0m 645.387 ms - 121\u001b[0m"}}
{"timestamp":"2026-09-18T07:16:06.608Z","level":"http","event":"request","details":{"message":"\u001b[0mPOST /api/v1/push/subscribe \u001b[33m401\u001b[0m 61.600 ms - 121\u001b[0m"}}
{"timestamp":"2026-09-18T07:16:06.652Z","level":"http","event":"request","details":{"message":"\u001b[0mPOST /api/v1/push/subscribe \u001b[33m401\u001b[0m 100.706 ms - 121\u001b[0m"}}
{"timestamp":"2026-09-18T07:16:06.680Z","level":"http","event":"request","details":{"message":"\u001b[0mGET /api/v1/posts \u001b[33m401\u001b[0m 124.120 ms - 121\u001b[0m"}}
{"timestamp":"2026-09-18T07:16:06.932Z","level":"http","event":"request","details":{"message":"\u001b[0mGET /api/v1/connections \u001b[33m401\u001b[0m 1168.057 ms - 121\u001b[0m"}}
{"timestamp":"2026-09-18T07:16:07.092Z","level":"http","event":"request","details":{"message":"\u001b[0mGET /api/v1/connections \u001b[33m401\u001b[0m 155.968 ms - 121\u001b[0m"}}
{"timestamp":"2026-09-18T07:16:07.597Z","level":"http","event":"request","details":{"message":"\u001b[0mGET /api/v1/users?page=1&limit=50 \u001b[32m200\u001b[0m 83.627 ms - 13332\u001b[0m"}}
{"timestamp":"2026-09-18T07:16:07.667Z","level":"http","event":"request","details":{"message":"\u001b[0mGET /api/v1/users?page=1&limit=50 \u001b[36m304\u001b[0m 66.984 ms - -\u001b[0m"}}
{"timestamp":"2026-09-18T07:16:39.839Z","level":"http","event":"request","details":{"message":"\u001b[0mOPTIONS /auth/login \u001b[32m204\u001b[0m 0.287 ms - 0\u001b[0m"}}
{"timestamp":"2026-09-18T07:16:40.131Z","level":"http","event":"request","details":{"message":"\u001b[0mPOST /auth/login \u001b[32m200\u001b[0m 284.367 ms - 2032\u001b[0m"}}
{"timestamp":"2026-09-18T07:16:40.218Z","level":"http","event":"request","details":{"message":"\u001b[0mOPTIONS /auth/me \u001b[32m204\u001b[0m 0.175 ms - 0\u001b[0m"}}
{"timestamp":"2026-09-18T07:16:40.229Z","level":"http","event":"request","details":{"message":"\u001b[0mOPTIONS /api/v1/posts \u001b[32m204\u001b[0m 0.184 ms - 0\u001b[0m"}}
{"timestamp":"2026-09-18T07:16:40.235Z","level":"http","event":"request","details":{"message":"\u001b[0mOPTIONS /api/v1/connections \u001b[32m204\u001b[0m 0.225 ms - 0\u001b[0m"}}
{"timestamp":"2026-09-18T07:16:40.241Z","level":"http","event":"request","details":{"message":"\u001b[0mOPTIONS /auth/me \u001b[32m204\u001b[0m 1.593 ms - 0\u001b[0m"}}
{"timestamp":"2026-09-18T07:16:40.252Z","level":"http","event":"request","details":{"message":"\u001b[0mOPTIONS /api/v1/posts \u001b[32m204\u001b[0m 0.251 ms - 0\u001b[0m"}}
{"timestamp":"2026-09-18T07:16:40.256Z","level":"http","event":"request","details":{"message":"\u001b[0mOPTIONS /api/v1/push/vapid-key \u001b[32m204\u001b[0m 0.270 ms - 0\u001b[0m"}}
{"timestamp":"2026-09-18T07:16:40.259Z","level":"http","event":"request","details":{"message":"\u001b[0mOPTIONS /api/v1/push/vapid-key \u001b[32m204\u001b[0m 0.215 ms - 0\u001b[0m"}}
{"timestamp":"2026-09-18T07:16:40.262Z","level":"http","event":"request","details":{"message":"\u001b[0mOPTIONS /api/v1/connections \u001b[32m204\u001b[0m 0.133 ms - 0\u001b[0m"}}
{"timestamp":"2026-09-18T07:16:40.316Z","level":"http","event":"request","details":{"message":"\u001b[0mGET /api/v1/push/vapid-key \u001b[36m304\u001b[0m 0.730 ms - -\u001b[0m"}}
{"timestamp":"2026-09-18T07:16:40.328Z","level":"http","event":"request","details":{"message":"\u001b[0mGET /api/v1/push/vapid-key \u001b[36m304\u001b[0m 0.549 ms - -\u001b[0m"}}
{"timestamp":"2026-09-18T07:16:40.350Z","level":"http","event":"request","details":{"message":"\u001b[0mOPTIONS /api/v1/push/subscribe \u001b[32m204\u001b[0m 0.153 ms - 0\u001b[0m"}}
{"timestamp":"2026-09-18T07:16:40.413Z","level":"http","event":"request","details":{"message":"\u001b[0mOPTIONS /api/v1/push/subscribe \u001b[32m204\u001b[0m 0.624 ms - 0\u001b[0m"}}
{"timestamp":"2026-09-18T07:16:40.463Z","level":"http","event":"request","details":{"message":"\u001b[0mGET /auth/me \u001b[32m200\u001b[0m 214.519 ms - 1448\u001b[0m"}}
{"timestamp":"2026-09-18T07:16:40.613Z","level":"http","event":"request","details":{"message":"\u001b[0mGET /api/v1/connections \u001b[32m200\u001b[0m 337.502 ms - 4310\u001b[0m"}}
{"timestamp":"2026-09-18T07:16:40.620Z","level":"http","event":"request","details":{"message":"\u001b[0mPOST /api/v1/push/subscribe \u001b[32m201\u001b[0m 177.820 ms - 53\u001b[0m"}}
{"timestamp":"2026-09-18T07:16:40.626Z","level":"http","event":"request","details":{"message":"\u001b[0mGET /auth/me \u001b[36m304\u001b[0m 158.339 ms - -\u001b[0m"}}
{"timestamp":"2026-09-18T07:16:40.873Z","level":"http","event":"request","details":{"message":"\u001b[0mGET /api/v1/connections \u001b[36m304\u001b[0m 256.781 ms - -\u001b[0m"}}
{"timestamp":"2026-09-18T07:16:41.045Z","level":"http","event":"request","details":{"message":"\u001b[0mGET /api/v1/posts \u001b[32m200\u001b[0m 778.615 ms - 886\u001b[0m"}}
{"timestamp":"2026-09-18T07:16:41.057Z","level":"http","event":"request","details":{"message":"\u001b[0mPOST /api/v1/push/subscribe \u001b[32m201\u001b[0m 633.480 ms - 53\u001b[0m"}}
{"timestamp":"2026-09-18T07:16:41.278Z","level":"http","event":"request","details":{"message":"\u001b[0mGET /api/v1/posts \u001b[32m200\u001b[0m 218.617 ms - 886\u001b[0m"}}
{"timestamp":"2026-09-18T07:16:49.592Z","level":"http","event":"request","details":{"message":"\u001b[0mOPTIONS /api/v1/users?page=1&limit=50&lat=12.9716&lng=77.5946 \u001b[32m204\u001b[0m 0.217 ms - 0\u001b[0m"}}
{"timestamp":"2026-09-18T07:16:49.601Z","level":"http","event":"request","details":{"message":"\u001b[0mOPTIONS /api/v1/connections \u001b[32m204\u001b[0m 0.765 ms - 0\u001b[0m"}}
{"timestamp":"2026-09-18T07:16:49.610Z","level":"http","event":"request","details":{"message":"\u001b[0mOPTIONS /api/v1/users?page=1&limit=50&lat=12.9716&lng=77.5946 \u001b[32m204\u001b[0m 0.304 ms - 0\u001b[0m"}}
{"timestamp":"2026-09-18T07:16:49.623Z","level":"http","event":"request","details":{"message":"\u001b[0mOPTIONS /api/v1/connections \u001b[32m204\u001b[0m 0.161 ms - 0\u001b[0m"}}
{"timestamp":"2026-09-18T07:16:49.718Z","level":"http","event":"request","details":{"message":"\u001b[0mGET /api/v1/users?page=1&limit=50&lat=12.9716&lng=77.5946 \u001b[32m200\u001b[0m 87.913 ms - 13288\u001b[0m"}}
{"timestamp":"2026-09-18T07:16:49.806Z","level":"http","event":"request","details":{"message":"\u001b[0mGET /api/v1/users?page=1&limit=50&lat=12.9716&lng=77.5946 \u001b[36m304\u001b[0m 76.062 ms - -\u001b[0m"}}
{"timestamp":"2026-09-18T07:16:49.894Z","level":"http","event":"request","details":{"message":"\u001b[0mGET /api/v1/connections \u001b[36m304\u001b[0m 254.823 ms - -\u001b[0m"}}
{"timestamp":"2026-09-18T07:16:50.136Z","level":"http","event":"request","details":{"message":"\u001b[0mGET /api/v1/connections \u001b[36m304\u001b[0m 239.632 ms - -\u001b[0m"}}
{"timestamp":"2026-09-18T07:17:24.446Z","level":"http","event":"request","details":{"message":"\u001b[0mOPTIONS /api/v1/users?page=1&limit=50&lat=12.9716&lng=77.5946 \u001b[32m204\u001b[0m 0.227 ms - 0\u001b[0m"}}
{"timestamp":"2026-09-18T07:17:24.452Z","level":"http","event":"request","details":{"message":"\u001b[0mOPTIONS /api/v1/users?page=1&limit=50&lat=12.9716&lng=77.5946 \u001b[32m204\u001b[0m 0.285 ms - 0\u001b[0m"}}
{"timestamp":"2026-09-18T07:17:24.478Z","level":"http","event":"request","details":{"message":"\u001b[0mOPTIONS /api/v1/connections \u001b[32m204\u001b[0m 0.279 ms - 0\u001b[0m"}}
{"timestamp":"2026-09-18T07:17:24.487Z","level":"http","event":"request","details":{"message":"\u001b[0mOPTIONS /api/v1/connections \u001b[32m204\u001b[0m 0.352 ms - 0\u001b[0m"}}
{"timestamp":"2026-09-18T07:17:24.575Z","level":"http","event":"request","details":{"message":"\u001b[0mGET /api/v1/users?page=1&limit=50&lat=12.9716&lng=77.5946 \u001b[36m304\u001b[0m 81.816 ms - -\u001b[0m"}}
{"timestamp":"2026-09-18T07:17:24.665Z","level":"http","event":"request","details":{"message":"\u001b[0mGET /api/v1/users?page=1&limit=50&lat=12.9716&lng=77.5946 \u001b[36m304\u001b[0m 83.505 ms - -\u001b[0m"}}
{"timestamp":"2026-09-18T07:17:24.765Z","level":"http","event":"request","details":{"message":"\u001b[0mGET /api/v1/connections \u001b[36m304\u001b[0m 264.172 ms - -\u001b[0m"}}
{"timestamp":"2026-09-18T07:17:25.035Z","level":"http","event":"request","details":{"message":"\u001b[0mGET /api/v1/connections \u001b[36m304\u001b[0m 265.419 ms - -\u001b[0m"}}
{"timestamp":"2026-09-18T07:17:54.456Z","level":"http","event":"request","details":{"message":"\u001b[0mOPTIONS /api/v1/connections \u001b[32m204\u001b[0m 0.182 ms - 0\u001b[0m"}}
{"timestamp":"2026-09-18T07:17:54.731Z","level":"http","event":"request","details":{"message":"\u001b[0mGET /api/v1/connections \u001b[36m304\u001b[0m 269.718 ms - -\u001b[0m"}}
{"timestamp":"2026-09-18T07:18:24.445Z","level":"http","event":"request","details":{"message":"\u001b[0mOPTIONS /api/v1/connections \u001b[32m204\u001b[0m 0.172 ms - 0\u001b[0m"}}
{"timestamp":"2026-09-18T07:18:24.707Z","level":"http","event":"request","details":{"message":"\u001b[0mGET /api/v1/connections \u001b[36m304\u001b[0m 257.050 ms - -\u001b[0m"}}
{"timestamp":"2026-09-18T07:18:54.461Z","level":"http","event":"request","details":{"message":"\u001b[0mOPTIONS /api/v1/connections \u001b[32m204\u001b[0m 0.215 ms - 0\u001b[0m"}}
{"timestamp":"2026-09-18T07:18:54.509Z","level":"http","event":"request","details":{"message":"\u001b[0mGET /api/v1/connections \u001b[0m-\u001b[0m - ms - -\u001b[0m"}}
{"timestamp":"2026-09-18T07:18:54.990Z","level":"http","event":"request","details":{"message":"\u001b[0mOPTIONS /api/v1/users?page=1&limit=50&lat=12.9716&lng=77.5946 \u001b[32m204\u001b[0m 0.304 ms - 0\u001b[0m"}}
{"timestamp":"2026-09-18T07:18:55.007Z","level":"http","event":"request","details":{"message":"\u001b[0mOPTIONS /api/v1/users?page=1&limit=50&lat=12.9716&lng=77.5946 \u001b[32m204\u001b[0m 0.280 ms - 0\u001b[0m"}}
{"timestamp":"2026-09-18T07:18:55.120Z","level":"http","event":"request","details":{"message":"\u001b[0mGET /api/v1/users?page=1&limit=50&lat=12.9716&lng=77.5946 \u001b[36m304\u001b[0m 106.797 ms - -\u001b[0m"}}
{"timestamp":"2026-09-18T07:18:55.226Z","level":"http","event":"request","details":{"message":"\u001b[0mGET /api/v1/users?page=1&limit=50&lat=12.9716&lng=77.5946 \u001b[36m304\u001b[0m 87.869 ms - -\u001b[0m"}}
{"timestamp":"2026-09-18T07:18:55.270Z","level":"http","event":"request","details":{"message":"\u001b[0mGET /api/v1/connections \u001b[32m200\u001b[0m 272.917 ms - 4310\u001b[0m"}}
{"timestamp":"2026-09-18T07:18:55.631Z","level":"http","event":"request","details":{"message":"\u001b[0mGET /api/v1/connections \u001b[36m304\u001b[0m 358.578 ms - -\u001b[0m"}}
{"timestamp":"2026-09-18T07:18:57.061Z","level":"http","event":"request","details":{"message":"\u001b[0mOPTIONS /api/v1/messages/6aacb0672a08b6d74d52c7af \u001b[32m204\u001b[0m 0.361 ms - 0\u001b[0m"}}
{"timestamp":"2026-09-18T07:18:57.425Z","level":"http","event":"request","details":{"message":"\u001b[0mGET /api/v1/messages/6aacb0672a08b6d74d52c7af \u001b[32m200\u001b[0m 359.046 ms - 1357\u001b[0m"}}
{"timestamp":"2026-09-18T07:19:05.466Z","level":"http","event":"request","details":{"message":"\u001b[0mOPTIONS /auth/me \u001b[32m204\u001b[0m 0.171 ms - 0\u001b[0m"}}
{"timestamp":"2026-09-18T07:19:05.473Z","level":"http","event":"request","details":{"message":"\u001b[0mOPTIONS /api/v1/posts \u001b[32m204\u001b[0m 0.393 ms - 0\u001b[0m"}}
{"timestamp":"2026-09-18T07:19:05.483Z","level":"http","event":"request","details":{"message":"\u001b[0mOPTIONS /api/v1/connections \u001b[32m204\u001b[0m 0.390 ms - 0\u001b[0m"}}
{"timestamp":"2026-09-18T07:19:05.493Z","level":"http","event":"request","details":{"message":"\u001b[0mOPTIONS /api/v1/connections \u001b[32m204\u001b[0m 0.234 ms - 0\u001b[0m"}}
{"timestamp":"2026-09-18T07:19:05.506Z","level":"http","event":"request","details":{"message":"\u001b[0mOPTIONS /api/v1/push/vapid-key \u001b[32m204\u001b[0m 0.168 ms - 0\u001b[0m"}}
{"timestamp":"2026-09-18T07:19:05.518Z","level":"http","event":"request","details":{"message":"\u001b[0mOPTIONS /auth/me \u001b[32m204\u001b[0m 0.154 ms - 0\u001b[0m"}}
{"timestamp":"2026-09-18T07:19:05.524Z","level":"http","event":"request","details":{"message":"\u001b[0mOPTIONS /api/v1/posts \u001b[32m204\u001b[0m 0.160 ms - 0\u001b[0m"}}
{"timestamp":"2026-09-18T07:19:05.529Z","level":"http","event":"request","details":{"message":"\u001b[0mOPTIONS /api/v1/push/vapid-key \u001b[32m204\u001b[0m 0.226 ms - 0\u001b[0m"}}
{"timestamp":"2026-09-18T07:19:05.560Z","level":"http","event":"request","details":{"message":"\u001b[0mGET /api/v1/push/vapid-key \u001b[36m304\u001b[0m 2.433 ms - -\u001b[0m"}}
{"timestamp":"2026-09-18T07:19:05.567Z","level":"http","event":"request","details":{"message":"\u001b[0mGET /api/v1/push/vapid-key \u001b[36m304\u001b[0m 0.667 ms - -\u001b[0m"}}
{"timestamp":"2026-09-18T07:19:05.572Z","level":"http","event":"request","details":{"message":"\u001b[0mOPTIONS /api/v1/push/subscribe \u001b[32m204\u001b[0m 0.194 ms - 0\u001b[0m"}}
{"timestamp":"2026-09-18T07:19:05.583Z","level":"http","event":"request","details":{"message":"\u001b[0mOPTIONS /api/v1/push/subscribe \u001b[32m204\u001b[0m 0.200 ms - 0\u001b[0m"}}
{"timestamp":"2026-09-18T07:19:05.721Z","level":"http","event":"request","details":{"message":"\u001b[0mGET /auth/me \u001b[36m304\u001b[0m 189.712 ms - -\u001b[0m"}}
{"timestamp":"2026-09-18T07:19:05.750Z","level":"http","event":"request","details":{"message":"\u001b[0mPOST /api/v1/push/subscribe \u001b[32m201\u001b[0m 159.148 ms - 53\u001b[0m"}}
{"timestamp":"2026-09-18T07:19:05.802Z","level":"http","event":"request","details":{"message":"\u001b[0mGET /api/v1/connections \u001b[36m304\u001b[0m 251.467 ms - -\u001b[0m"}}
{"timestamp":"2026-09-18T07:19:05.913Z","level":"http","event":"request","details":{"message":"\u001b[0mGET /auth/me \u001b[36m304\u001b[0m 182.774 ms - -\u001b[0m"}}
{"timestamp":"2026-09-18T07:19:06.072Z","level":"http","event":"request","details":{"message":"\u001b[0mGET /api/v1/connections \u001b[36m304\u001b[0m 263.026 ms - -\u001b[0m"}}
{"timestamp":"2026-09-18T07:19:06.128Z","level":"http","event":"request","details":{"message":"\u001b[0mPOST /api/v1/push/subscribe \u001b[32m201\u001b[0m 530.113 ms - 53\u001b[0m"}}
{"timestamp":"2026-09-18T07:19:06.233Z","level":"http","event":"request","details":{"message":"\u001b[0mGET /api/v1/posts \u001b[32m200\u001b[0m 695.148 ms - 886\u001b[0m"}}
{"timestamp":"2026-09-18T07:19:06.450Z","level":"http","event":"request","details":{"message":"\u001b[0mGET /api/v1/posts \u001b[32m200\u001b[0m 214.070 ms - 886\u001b[0m"}}
{"timestamp":"2026-09-18T07:19:06.921Z","level":"http","event":"request","details":{"message":"\u001b[0mOPTIONS /api/v1/messages/6aacb0672a08b6d74d52c7af \u001b[32m204\u001b[0m 0.203 ms - 0\u001b[0m"}}
{"timestamp":"2026-09-18T07:19:07.268Z","level":"http","event":"request","details":{"message":"\u001b[0mGET /api/v1/messages/6aacb0672a08b6d74d52c7af \u001b[32m200\u001b[0m 338.476 ms - 1357\u001b[0m"}}
{"timestamp":"2026-09-18T07:19:44.292Z","level":"warn","event":"auth_failure","details":{"path":"/auth/me"}}
{"timestamp":"2026-09-18T07:19:54.425Z","level":"http","event":"request","details":{"message":"\u001b[0mOPTIONS /api/v1/users?page=1&limit=50&lat=12.9716&lng=77.5946 \u001b[32m204\u001b[0m 0.331 ms - 0\u001b[0m"}}
{"timestamp":"2026-09-18T07:19:54.433Z","level":"http","event":"request","details":{"message":"\u001b[0mOPTIONS /api/v1/connections \u001b[32m204\u001b[0m 0.213 ms - 0\u001b[0m"}}
{"timestamp":"2026-09-18T07:19:54.443Z","level":"http","event":"request","details":{"message":"\u001b[0mOPTIONS /api/v1/users?page=1&limit=50&lat=12.9716&lng=77.5946 \u001b[32m204\u001b[0m 0.278 ms - 0\u001b[0m"}}
{"timestamp":"2026-09-18T07:19:54.452Z","level":"http","event":"request","details":{"message":"\u001b[0mOPTIONS /api/v1/connections \u001b[32m204\u001b[0m 0.125 ms - 0\u001b[0m"}}
{"timestamp":"2026-09-18T07:19:54.571Z","level":"http","event":"request","details":{"message":"\u001b[0mGET /api/v1/users?page=1&limit=50&lat=12.9716&lng=77.5946 \u001b[36m304\u001b[0m 109.475 ms - -\u001b[0m"}}
{"timestamp":"2026-09-18T07:19:54.661Z","level":"http","event":"request","details":{"message":"\u001b[0mGET /api/v1/users?page=1&limit=50&lat=12.9716&lng=77.5946 \u001b[36m304\u001b[0m 86.807 ms - -\u001b[0m"}}
{"timestamp":"2026-09-18T07:19:54.747Z","level":"http","event":"request","details":{"message":"\u001b[0mGET /api/v1/connections \u001b[36m304\u001b[0m 276.186 ms - -\u001b[0m"}}
{"timestamp":"2026-09-18T07:19:55.002Z","level":"http","event":"request","details":{"message":"\u001b[0mGET /api/v1/connections \u001b[36m304\u001b[0m 251.105 ms - -\u001b[0m"}}
{"timestamp":"2026-09-18T07:19:57.414Z","level":"http","event":"request","details":{"message":"\u001b[0mOPTIONS /auth/me \u001b[32m204\u001b[0m 0.205 ms - 0\u001b[0m"}}
{"timestamp":"2026-09-18T07:19:57.423Z","level":"http","event":"request","details":{"message":"\u001b[0mOPTIONS /auth/me \u001b[32m204\u001b[0m 0.194 ms - 0\u001b[0m"}}
{"timestamp":"2026-09-18T07:19:57.432Z","level":"http","event":"request","details":{"message":"\u001b[0mOPTIONS /api/v1/posts \u001b[32m204\u001b[0m 0.240 ms - 0\u001b[0m"}}
{"timestamp":"2026-09-18T07:19:57.445Z","level":"http","event":"request","details":{"message":"\u001b[0mOPTIONS /api/v1/posts \u001b[32m204\u001b[0m 0.121 ms - 0\u001b[0m"}}
{"timestamp":"2026-09-18T07:19:57.620Z","level":"http","event":"request","details":{"message":"\u001b[0mGET /auth/me \u001b[36m304\u001b[0m 170.199 ms - -\u001b[0m"}}
{"timestamp":"2026-09-18T07:19:57.685Z","level":"http","event":"request","details":{"message":"\u001b[0mGET /api/v1/connections \u001b[36m304\u001b[0m 247.631 ms - -\u001b[0m"}}
{"timestamp":"2026-09-18T07:19:57.775Z","level":"http","event":"request","details":{"message":"\u001b[0mGET /api/v1/posts \u001b[32m200\u001b[0m 309.924 ms - 886\u001b[0m"}}
{"timestamp":"2026-09-18T07:19:57.881Z","level":"http","event":"request","details":{"message":"\u001b[0mGET /auth/me \u001b[36m304\u001b[0m 257.195 ms - -\u001b[0m"}}
{"timestamp":"2026-09-18T07:19:57.977Z","level":"http","event":"request","details":{"message":"\u001b[0mGET /api/v1/connections \u001b[36m304\u001b[0m 288.547 ms - -\u001b[0m"}}
{"timestamp":"2026-09-18T07:19:58.053Z","level":"http","event":"request","details":{"message":"\u001b[0mGET /api/v1/posts \u001b[32m200\u001b[0m 273.380 ms - 886\u001b[0m"}}
{"timestamp":"2026-09-18T07:19:59.357Z","level":"http","event":"request","details":{"message":"\u001b[0mGET /api/v1/users?page=1&limit=50&lat=12.9716&lng=77.5946 \u001b[36m304\u001b[0m 78.082 ms - -\u001b[0m"}}
{"timestamp":"2026-09-18T07:19:59.445Z","level":"http","event":"request","details":{"message":"\u001b[0mGET /api/v1/users?page=1&limit=50&lat=12.9716&lng=77.5946 \u001b[36m304\u001b[0m 81.170 ms - -\u001b[0m"}}
{"timestamp":"2026-09-18T07:19:59.580Z","level":"http","event":"request","details":{"message":"\u001b[0mGET /api/v1/connections \u001b[36m304\u001b[0m 294.852 ms - -\u001b[0m"}}
{"timestamp":"2026-09-18T07:19:59.933Z","level":"http","event":"request","details":{"message":"\u001b[0mGET /api/v1/connections \u001b[36m304\u001b[0m 347.920 ms - -\u001b[0m"}}
{"timestamp":"2026-09-18T07:20:09.374Z","level":"http","event":"request","details":{"message":"\u001b[0mOPTIONS /auth/logout \u001b[32m204\u001b[0m 0.510 ms - 0\u001b[0m"}}
{"timestamp":"2026-09-18T07:20:09.407Z","level":"http","event":"request","details":{"message":"\u001b[0mPOST /auth/logout \u001b[32m200\u001b[0m 3.810 ms - 62\u001b[0m"}}
{"timestamp":"2026-09-18T07:20:09.960Z","level":"http","event":"request","details":{"message":"\u001b[0mGET /admin/session \u001b[33m401\u001b[0m 0.658 ms - 88\u001b[0m"}}
{"timestamp":"2026-09-18T07:20:09.964Z","level":"http","event":"request","details":{"message":"\u001b[0mGET /admin/session \u001b[33m401\u001b[0m 1.278 ms - 88\u001b[0m"}}
{"timestamp":"2026-09-18T07:20:21.374Z","level":"http","event":"request","details":{"message":"\u001b[0mOPTIONS /admin/login \u001b[32m204\u001b[0m 0.102 ms - 0\u001b[0m"}}
{"timestamp":"2026-09-18T07:20:21.969Z","level":"http","event":"request","details":{"message":"\u001b[0mPOST /admin/login \u001b[32m200\u001b[0m 591.670 ms - 454\u001b[0m"}}
{"timestamp":"2026-09-18T07:20:22.039Z","level":"http","event":"request","details":{"message":"\u001b[0mOPTIONS /admin/data?page=1&limit=20 \u001b[32m204\u001b[0m 0.197 ms - 0\u001b[0m"}}
{"timestamp":"2026-09-18T07:20:22.042Z","level":"http","event":"request","details":{"message":"\u001b[0mOPTIONS /admin/status \u001b[32m204\u001b[0m 0.299 ms - 0\u001b[0m"}}
{"timestamp":"2026-09-18T07:20:22.706Z","level":"http","event":"request","details":{"message":"\u001b[0mGET /admin/status \u001b[32m200\u001b[0m 650.647 ms - 229\u001b[0m"}}
{"timestamp":"2026-09-18T07:20:22.773Z","level":"http","event":"request","details":{"message":"\u001b[0mGET /admin/data?page=1&limit=20 \u001b[32m200\u001b[0m 722.784 ms - 6932\u001b[0m"}}
{"timestamp":"2026-09-18T07:20:45.626Z","level":"http","event":"request","details":{"message":"\u001b[0mOPTIONS /admin/session \u001b[32m204\u001b[0m 0.232 ms - 0\u001b[0m"}}
{"timestamp":"2026-09-18T07:20:45.633Z","level":"http","event":"request","details":{"message":"\u001b[0mOPTIONS /admin/session \u001b[32m204\u001b[0m 0.229 ms - 0\u001b[0m"}}
{"timestamp":"2026-09-18T07:20:45.749Z","level":"http","event":"request","details":{"message":"\u001b[0mGET /admin/session \u001b[32m200\u001b[0m 89.302 ms - 305\u001b[0m"}}
{"timestamp":"2026-09-18T07:20:45.871Z","level":"http","event":"request","details":{"message":"\u001b[0mGET /admin/session \u001b[36m304\u001b[0m 116.799 ms - -\u001b[0m"}}
{"timestamp":"2026-09-18T07:20:45.896Z","level":"http","event":"request","details":{"message":"\u001b[0mOPTIONS /admin/data?page=1&limit=20 \u001b[32m204\u001b[0m 0.158 ms - 0\u001b[0m"}}
{"timestamp":"2026-09-18T07:20:45.903Z","level":"http","event":"request","details":{"message":"\u001b[0mOPTIONS /admin/status \u001b[32m204\u001b[0m 0.226 ms - 0\u001b[0m"}}
{"timestamp":"2026-09-18T07:20:46.275Z","level":"http","event":"request","details":{"message":"\u001b[0mGET /admin/data?page=1&limit=20 \u001b[32m200\u001b[0m 367.644 ms - 6932\u001b[0m"}}
{"timestamp":"2026-09-18T07:20:46.580Z","level":"http","event":"request","details":{"message":"\u001b[0mGET /admin/status \u001b[32m200\u001b[0m 668.935 ms - 229\u001b[0m"}}
{"timestamp":"2026-09-18T07:20:49.051Z","level":"http","event":"request","details":{"message":"\u001b[0mOPTIONS /admin/logout \u001b[32m204\u001b[0m 0.220 ms - 0\u001b[0m"}}
{"timestamp":"2026-09-18T07:20:49.222Z","level":"http","event":"request","details":{"message":"\u001b[0mPOST /admin/logout \u001b[32m200\u001b[0m 167.675 ms - 49\u001b[0m"}}
{"timestamp":"2026-09-18T07:21:52.636Z","level":"http","event":"request","details":{"message":"\u001b[0mOPTIONS /api/v1/users?page=1&limit=50 \u001b[32m204\u001b[0m 0.170 ms - 0\u001b[0m"}}
{"timestamp":"2026-09-18T07:21:52.641Z","level":"http","event":"request","details":{"message":"\u001b[0mOPTIONS /api/v1/users?page=1&limit=50 \u001b[32m204\u001b[0m 0.265 ms - 0\u001b[0m"}}
{"timestamp":"2026-09-18T07:21:52.729Z","level":"http","event":"request","details":{"message":"\u001b[0mGET /api/v1/users?page=1&limit=50 \u001b[36m304\u001b[0m 78.215 ms - -\u001b[0m"}}
{"timestamp":"2026-09-18T07:21:52.817Z","level":"http","event":"request","details":{"message":"\u001b[0mGET /api/v1/users?page=1&limit=50 \u001b[36m304\u001b[0m 80.315 ms - -\u001b[0m"}}
{"timestamp":"2026-09-18T07:22:36.676Z","level":"http","event":"request","details":{"message":"\u001b[0mOPTIONS /api/v1/users?page=1&limit=50 \u001b[32m204\u001b[0m 0.239 ms - 0\u001b[0m"}}
{"timestamp":"2026-09-18T07:22:36.685Z","level":"http","event":"request","details":{"message":"\u001b[0mOPTIONS /api/v1/users?page=1&limit=50 \u001b[32m204\u001b[0m 0.272 ms - 0\u001b[0m"}}
{"timestamp":"2026-09-18T07:22:36.814Z","level":"http","event":"request","details":{"message":"\u001b[0mGET /api/v1/users?page=1&limit=50 \u001b[36m304\u001b[0m 121.127 ms - -\u001b[0m"}}
{"timestamp":"2026-09-18T07:22:36.888Z","level":"http","event":"request","details":{"message":"\u001b[0mGET /api/v1/users?page=1&limit=50 \u001b[36m304\u001b[0m 71.173 ms - -\u001b[0m"}}
{"timestamp":"2026-09-18T07:23:35.352Z","level":"http","event":"request","details":{"message":"\u001b[0mOPTIONS /auth/login \u001b[32m204\u001b[0m 0.114 ms - 0\u001b[0m"}}
{"timestamp":"2026-09-18T07:23:35.553Z","level":"http","event":"request","details":{"message":"\u001b[0mPOST /auth/login \u001b[33m401\u001b[0m 196.994 ms - 89\u001b[0m"}}
{"timestamp":"2026-09-18T07:23:43.864Z","level":"http","event":"request","details":{"message":"\u001b[0mOPTIONS /auth/login \u001b[32m204\u001b[0m 0.157 ms - 0\u001b[0m"}}
{"timestamp":"2026-09-18T07:23:44.159Z","level":"http","event":"request","details":{"message":"\u001b[0mPOST /auth/login \u001b[32m200\u001b[0m 289.603 ms - 2032\u001b[0m"}}
{"timestamp":"2026-09-18T07:23:44.307Z","level":"http","event":"request","details":{"message":"\u001b[0mOPTIONS /auth/me \u001b[32m204\u001b[0m 0.186 ms - 0\u001b[0m"}}
{"timestamp":"2026-09-18T07:23:44.316Z","level":"http","event":"request","details":{"message":"\u001b[0mOPTIONS /api/v1/posts \u001b[32m204\u001b[0m 0.198 ms - 0\u001b[0m"}}
{"timestamp":"2026-09-18T07:23:44.322Z","level":"http","event":"request","details":{"message":"\u001b[0mOPTIONS /api/v1/push/vapid-key \u001b[32m204\u001b[0m 0.152 ms - 0\u001b[0m"}}
{"timestamp":"2026-09-18T07:23:44.325Z","level":"http","event":"request","details":{"message":"\u001b[0mOPTIONS /api/v1/connections \u001b[32m204\u001b[0m 0.151 ms - 0\u001b[0m"}}
{"timestamp":"2026-09-18T07:23:44.329Z","level":"http","event":"request","details":{"message":"\u001b[0mOPTIONS /auth/me \u001b[32m204\u001b[0m 0.291 ms - 0\u001b[0m"}}
{"timestamp":"2026-09-18T07:23:44.333Z","level":"http","event":"request","details":{"message":"\u001b[0mOPTIONS /api/v1/posts \u001b[32m204\u001b[0m 0.175 ms - 0\u001b[0m"}}
{"timestamp":"2026-09-18T07:23:44.336Z","level":"http","event":"request","details":{"message":"\u001b[0mOPTIONS /api/v1/connections \u001b[32m204\u001b[0m 0.139 ms - 0\u001b[0m"}}
{"timestamp":"2026-09-18T07:23:44.340Z","level":"http","event":"request","details":{"message":"\u001b[0mOPTIONS /api/v1/push/vapid-key \u001b[32m204\u001b[0m 0.159 ms - 0\u001b[0m"}}
{"timestamp":"2026-09-18T07:23:44.357Z","level":"http","event":"request","details":{"message":"\u001b[0mGET /api/v1/push/vapid-key \u001b[36m304\u001b[0m 0.469 ms - -\u001b[0m"}}
{"timestamp":"2026-09-18T07:23:44.374Z","level":"http","event":"request","details":{"message":"\u001b[0mGET /api/v1/push/vapid-key \u001b[36m304\u001b[0m 1.886 ms - -\u001b[0m"}}
{"timestamp":"2026-09-18T07:23:44.378Z","level":"http","event":"request","details":{"message":"\u001b[0mOPTIONS /api/v1/push/subscribe \u001b[32m204\u001b[0m 0.118 ms - 0\u001b[0m"}}
{"timestamp":"2026-09-18T07:23:44.681Z","level":"http","event":"request","details":{"message":"\u001b[0mPOST /api/v1/push/subscribe \u001b[32m201\u001b[0m 292.200 ms - 53\u001b[0m"}}
{"timestamp":"2026-09-18T07:23:44.685Z","level":"http","event":"request","details":{"message":"\u001b[0mPOST /api/v1/push/subscribe \u001b[32m201\u001b[0m 287.707 ms - 53\u001b[0m"}}
{"timestamp":"2026-09-18T07:23:44.748Z","level":"http","event":"request","details":{"message":"\u001b[0mGET /api/v1/posts \u001b[32m200\u001b[0m 404.536 ms - 886\u001b[0m"}}
{"timestamp":"2026-09-18T07:23:44.985Z","level":"http","event":"request","details":{"message":"\u001b[0mGET /api/v1/posts \u001b[32m200\u001b[0m 233.544 ms - 886\u001b[0m"}}
{"timestamp":"2026-09-18T07:23:45.081Z","level":"http","event":"request","details":{"message":"\u001b[0mGET /api/v1/connections \u001b[36m304\u001b[0m 712.980 ms - -\u001b[0m"}}
{"timestamp":"2026-09-18T07:23:45.083Z","level":"http","event":"request","details":{"message":"\u001b[0mGET /auth/me \u001b[36m304\u001b[0m 735.032 ms - -\u001b[0m"}}
{"timestamp":"2026-09-18T07:23:45.243Z","level":"http","event":"request","details":{"message":"\u001b[0mGET /auth/me \u001b[36m304\u001b[0m 154.564 ms - -\u001b[0m"}}
{"timestamp":"2026-09-18T07:23:45.342Z","level":"http","event":"request","details":{"message":"\u001b[0mGET /api/v1/connections \u001b[36m304\u001b[0m 255.708 ms - -\u001b[0m"}}
{"timestamp":"2026-09-18T07:23:46.479Z","level":"http","event":"request","details":{"message":"\u001b[0mOPTIONS /api/v1/messages/6aacb0672a08b6d74d52c7af \u001b[32m204\u001b[0m 0.372 ms - 0\u001b[0m"}}
{"timestamp":"2026-09-18T07:23:46.842Z","level":"http","event":"request","details":{"message":"\u001b[0mGET /api/v1/messages/6aacb0672a08b6d74d52c7af \u001b[32m200\u001b[0m 354.830 ms - 1357\u001b[0m"}}
{"timestamp":"2026-09-18T07:23:56.547Z","level":"http","event":"request","details":{"message":"\u001b[0mOPTIONS /auth/me \u001b[32m204\u001b[0m 0.171 ms - 0\u001b[0m"}}
{"timestamp":"2026-09-18T07:23:56.557Z","level":"http","event":"request","details":{"message":"\u001b[0mOPTIONS /api/v1/posts \u001b[32m204\u001b[0m 0.237 ms - 0\u001b[0m"}}
{"timestamp":"2026-09-18T07:23:56.565Z","level":"http","event":"request","details":{"message":"\u001b[0mOPTIONS /api/v1/connections \u001b[32m204\u001b[0m 0.215 ms - 0\u001b[0m"}}
{"timestamp":"2026-09-18T07:23:56.575Z","level":"http","event":"request","details":{"message":"\u001b[0mOPTIONS /api/v1/push/vapid-key \u001b[32m204\u001b[0m 0.174 ms - 0\u001b[0m"}}
{"timestamp":"2026-09-18T07:23:56.584Z","level":"http","event":"request","details":{"message":"\u001b[0mOPTIONS /auth/me \u001b[32m204\u001b[0m 0.190 ms - 0\u001b[0m"}}
{"timestamp":"2026-09-18T07:23:56.599Z","level":"http","event":"request","details":{"message":"\u001b[0mOPTIONS /api/v1/push/vapid-key \u001b[32m204\u001b[0m 0.174 ms - 0\u001b[0m"}}
{"timestamp":"2026-09-18T07:23:56.603Z","level":"http","event":"request","details":{"message":"\u001b[0mOPTIONS /api/v1/posts \u001b[32m204\u001b[0m 0.162 ms - 0\u001b[0m"}}
{"timestamp":"2026-09-18T07:23:56.612Z","level":"http","event":"request","details":{"message":"\u001b[0mOPTIONS /api/v1/connections \u001b[32m204\u001b[0m 0.149 ms - 0\u001b[0m"}}
{"timestamp":"2026-09-18T07:23:56.642Z","level":"http","event":"request","details":{"message":"\u001b[0mGET /api/v1/push/vapid-key \u001b[36m304\u001b[0m 0.588 ms - -\u001b[0m"}}
{"timestamp":"2026-09-18T07:23:56.648Z","level":"http","event":"request","details":{"message":"\u001b[0mGET /api/v1/push/vapid-key \u001b[36m304\u001b[0m 0.556 ms - -\u001b[0m"}}
{"timestamp":"2026-09-18T07:23:56.654Z","level":"http","event":"request","details":{"message":"\u001b[0mOPTIONS /api/v1/push/subscribe \u001b[32m204\u001b[0m 0.210 ms - 0\u001b[0m"}}
{"timestamp":"2026-09-18T07:23:56.659Z","level":"http","event":"request","details":{"message":"\u001b[0mOPTIONS /api/v1/push/subscribe \u001b[32m204\u001b[0m 0.164 ms - 0\u001b[0m"}}
{"timestamp":"2026-09-18T07:23:56.769Z","level":"http","event":"request","details":{"message":"\u001b[0mGET /auth/me \u001b[36m304\u001b[0m 153.722 ms - -\u001b[0m"}}
{"timestamp":"2026-09-18T07:23:56.862Z","level":"http","event":"request","details":{"message":"\u001b[0mGET /api/v1/connections \u001b[36m304\u001b[0m 230.235 ms - -\u001b[0m"}}
{"timestamp":"2026-09-18T07:23:56.897Z","level":"http","event":"request","details":{"message":"\u001b[0mGET /api/v1/posts \u001b[32m200\u001b[0m 278.566 ms - 886\u001b[0m"}}
{"timestamp":"2026-09-18T07:23:56.933Z","level":"http","event":"request","details":{"message":"\u001b[0mGET /auth/me \u001b[36m304\u001b[0m 160.277 ms - -\u001b[0m"}}
{"timestamp":"2026-09-18T07:23:57.001Z","level":"http","event":"request","details":{"message":"\u001b[0mPOST /api/v1/push/subscribe \u001b[0m-\u001b[0m - ms - -\u001b[0m"}}
{"timestamp":"2026-09-18T07:23:57.014Z","level":"http","event":"request","details":{"message":"\u001b[0mGET /api/v1/posts \u001b[0m-\u001b[0m - ms - -\u001b[0m"}}
{"timestamp":"2026-09-18T07:23:57.018Z","level":"http","event":"request","details":{"message":"\u001b[0mGET /api/v1/connections \u001b[0m-\u001b[0m - ms - -\u001b[0m"}}
{"timestamp":"2026-09-18T07:23:57.021Z","level":"http","event":"request","details":{"message":"\u001b[0mPOST /api/v1/push/subscribe \u001b[0m-\u001b[0m - ms - -\u001b[0m"}}
{"timestamp":"2026-09-18T07:23:57.465Z","level":"http","event":"request","details":{"message":"\u001b[0mGET /api/v1/push/vapid-key \u001b[36m304\u001b[0m 0.550 ms - -\u001b[0m"}}
{"timestamp":"2026-09-18T07:23:57.472Z","level":"http","event":"request","details":{"message":"\u001b[0mGET /api/v1/push/vapid-key \u001b[36m304\u001b[0m 0.454 ms - -\u001b[0m"}}
{"timestamp":"2026-09-18T07:23:57.532Z","level":"http","event":"request","details":{"message":"\u001b[0mPOST /api/v1/push/subscribe \u001b[0m-\u001b[0m - ms - -\u001b[0m"}}
{"timestamp":"2026-09-18T07:23:57.535Z","level":"http","event":"request","details":{"message":"\u001b[0mGET /api/v1/posts \u001b[0m-\u001b[0m - ms - -\u001b[0m"}}
{"timestamp":"2026-09-18T07:23:57.539Z","level":"http","event":"request","details":{"message":"\u001b[0mGET /api/v1/connections \u001b[0m-\u001b[0m - ms - -\u001b[0m"}}
{"timestamp":"2026-09-18T07:23:57.541Z","level":"http","event":"request","details":{"message":"\u001b[0mPOST /api/v1/push/subscribe \u001b[0m-\u001b[0m - ms - -\u001b[0m"}}
{"timestamp":"2026-09-18T07:23:57.549Z","level":"http","event":"request","details":{"message":"\u001b[0mGET /api/v1/posts \u001b[0m-\u001b[0m - ms - -\u001b[0m"}}
{"timestamp":"2026-09-18T07:23:57.551Z","level":"http","event":"request","details":{"message":"\u001b[0mGET /auth/me \u001b[0m-\u001b[0m - ms - -\u001b[0m"}}
{"timestamp":"2026-09-18T07:23:57.956Z","level":"http","event":"request","details":{"message":"\u001b[0mGET /api/v1/push/vapid-key \u001b[36m304\u001b[0m 0.442 ms - -\u001b[0m"}}
{"timestamp":"2026-09-18T07:23:57.965Z","level":"http","event":"request","details":{"message":"\u001b[0mGET /api/v1/push/vapid-key \u001b[36m304\u001b[0m 3.312 ms - -\u001b[0m"}}
{"timestamp":"2026-09-18T07:23:58.019Z","level":"http","event":"request","details":{"message":"\u001b[0mPOST /api/v1/push/subscribe \u001b[0m-\u001b[0m - ms - -\u001b[0m"}}
{"timestamp":"2026-09-18T07:23:58.030Z","level":"http","event":"request","details":{"message":"\u001b[0mGET /auth/me \u001b[0m-\u001b[0m - ms - -\u001b[0m"}}
{"timestamp":"2026-09-18T07:23:58.032Z","level":"http","event":"request","details":{"message":"\u001b[0mGET /api/v1/connections \u001b[0m-\u001b[0m - ms - -\u001b[0m"}}
{"timestamp":"2026-09-18T07:23:58.036Z","level":"http","event":"request","details":{"message":"\u001b[0mGET /api/v1/posts \u001b[0m-\u001b[0m - ms - -\u001b[0m"}}
{"timestamp":"2026-09-18T07:23:58.038Z","level":"http","event":"request","details":{"message":"\u001b[0mGET /auth/me \u001b[0m-\u001b[0m - ms - -\u001b[0m"}}
{"timestamp":"2026-09-18T07:23:58.449Z","level":"http","event":"request","details":{"message":"\u001b[0mGET /api/v1/push/vapid-key \u001b[36m304\u001b[0m 0.903 ms - -\u001b[0m"}}
{"timestamp":"2026-09-18T07:23:58.454Z","level":"http","event":"request","details":{"message":"\u001b[0mGET /api/v1/push/vapid-key \u001b[36m304\u001b[0m 1.459 ms - -\u001b[0m"}}
{"timestamp":"2026-09-18T07:23:58.608Z","level":"http","event":"request","details":{"message":"\u001b[0mGET /auth/me \u001b[32m200\u001b[0m 193.331 ms - 1448\u001b[0m"}}
{"timestamp":"2026-09-18T07:23:58.726Z","level":"http","event":"request","details":{"message":"\u001b[0mGET /api/v1/posts \u001b[32m200\u001b[0m 304.231 ms - 886\u001b[0m"}}
{"timestamp":"2026-09-18T07:23:58.751Z","level":"http","event":"request","details":{"message":"\u001b[0mPOST /api/v1/push/subscribe \u001b[32m201\u001b[0m 251.869 ms - 53\u001b[0m"}}
{"timestamp":"2026-09-18T07:23:58.790Z","level":"http","event":"request","details":{"message":"\u001b[0mGET /api/v1/connections \u001b[32m200\u001b[0m 357.656 ms - 4310\u001b[0m"}}
{"timestamp":"2026-09-18T07:23:58.938Z","level":"http","event":"request","details":{"message":"\u001b[0mGET /auth/me \u001b[36m304\u001b[0m 259.733 ms - -\u001b[0m"}}
{"timestamp":"2026-09-18T07:23:59.025Z","level":"http","event":"request","details":{"message":"\u001b[0mGET /api/v1/posts \u001b[32m200\u001b[0m 247.889 ms - 886\u001b[0m"}}
{"timestamp":"2026-09-18T07:23:59.105Z","level":"http","event":"request","details":{"message":"\u001b[0mGET /api/v1/connections \u001b[36m304\u001b[0m 289.791 ms - -\u001b[0m"}}
{"timestamp":"2026-09-18T07:23:59.456Z","level":"http","event":"request","details":{"message":"\u001b[0mOPTIONS /api/v1/users?page=1&limit=50&lat=12.9716&lng=77.5946 \u001b[32m204\u001b[0m 0.144 ms - 0\u001b[0m"}}
{"timestamp":"2026-09-18T07:23:59.459Z","level":"http","event":"request","details":{"message":"\u001b[0mOPTIONS /api/v1/users?page=1&limit=50&lat=12.9716&lng=77.5946 \u001b[32m204\u001b[0m 0.321 ms - 0\u001b[0m"}}
{"timestamp":"2026-09-18T07:23:59.541Z","level":"http","event":"request","details":{"message":"\u001b[0mGET /api/v1/users?page=1&limit=50&lat=12.9716&lng=77.5946 \u001b[36m304\u001b[0m 72.929 ms - -\u001b[0m"}}
{"timestamp":"2026-09-18T07:23:59.654Z","level":"http","event":"request","details":{"message":"\u001b[0mGET /api/v1/users?page=1&limit=50&lat=12.9716&lng=77.5946 \u001b[36m304\u001b[0m 108.162 ms - -\u001b[0m"}}
{"timestamp":"2026-09-18T07:23:59.722Z","level":"http","event":"request","details":{"message":"\u001b[0mGET /api/v1/connections \u001b[36m304\u001b[0m 259.893 ms - -\u001b[0m"}}
{"timestamp":"2026-09-18T07:24:00.034Z","level":"http","event":"request","details":{"message":"\u001b[0mGET /api/v1/connections \u001b[36m304\u001b[0m 308.710 ms - -\u001b[0m"}}
{"timestamp":"2026-09-18T07:24:10.452Z","level":"http","event":"request","details":{"message":"\u001b[0mOPTIONS /api/v1/users?page=1&limit=50&lat=12.9716&lng=77.5946 \u001b[32m204\u001b[0m 0.181 ms - 0\u001b[0m"}}
{"timestamp":"2026-09-18T07:24:10.464Z","level":"http","event":"request","details":{"message":"\u001b[0mOPTIONS /api/v1/users?page=1&limit=50&lat=12.9716&lng=77.5946 \u001b[32m204\u001b[0m 0.385 ms - 0\u001b[0m"}}
{"timestamp":"2026-09-18T07:24:10.476Z","level":"http","event":"request","details":{"message":"\u001b[0mOPTIONS /api/v1/connections \u001b[32m204\u001b[0m 0.144 ms - 0\u001b[0m"}}
{"timestamp":"2026-09-18T07:24:10.480Z","level":"http","event":"request","details":{"message":"\u001b[0mOPTIONS /api/v1/connections \u001b[32m204\u001b[0m 1.554 ms - 0\u001b[0m"}}
{"timestamp":"2026-09-18T07:24:10.564Z","level":"http","event":"request","details":{"message":"\u001b[0mGET /api/v1/users?page=1&limit=50&lat=12.9716&lng=77.5946 \u001b[36m304\u001b[0m 78.119 ms - -\u001b[0m"}}
{"timestamp":"2026-09-18T07:24:10.635Z","level":"http","event":"request","details":{"message":"\u001b[0mGET /api/v1/users?page=1&limit=50&lat=12.9716&lng=77.5946 \u001b[36m304\u001b[0m 67.751 ms - -\u001b[0m"}}
{"timestamp":"2026-09-18T07:24:10.727Z","level":"http","event":"request","details":{"message":"\u001b[0mGET /api/v1/connections \u001b[36m304\u001b[0m 230.509 ms - -\u001b[0m"}}
{"timestamp":"2026-09-18T07:24:10.970Z","level":"http","event":"request","details":{"message":"\u001b[0mGET /api/v1/connections \u001b[36m304\u001b[0m 240.205 ms - -\u001b[0m"}}
{"timestamp":"2026-09-18T07:24:40.449Z","level":"http","event":"request","details":{"message":"\u001b[0mOPTIONS /api/v1/connections \u001b[32m204\u001b[0m 0.180 ms - 0\u001b[0m"}}
{"timestamp":"2026-09-18T07:24:40.720Z","level":"http","event":"request","details":{"message":"\u001b[0mGET /api/v1/connections \u001b[36m304\u001b[0m 266.186 ms - -\u001b[0m"}}
{"timestamp":"2026-09-18T07:25:06.750Z","level":"http","event":"request","details":{"message":"\u001b[0mOPTIONS /api/v1/users?page=1&limit=50&lat=12.9716&lng=77.5946 \u001b[32m204\u001b[0m 0.167 ms - 0\u001b[0m"}}
{"timestamp":"2026-09-18T07:25:06.759Z","level":"http","event":"request","details":{"message":"\u001b[0mOPTIONS /api/v1/connections \u001b[32m204\u001b[0m 0.169 ms - 0\u001b[0m"}}
{"timestamp":"2026-09-18T07:25:06.770Z","level":"http","event":"request","details":{"message":"\u001b[0mOPTIONS /api/v1/users?page=1&limit=50&lat=12.9716&lng=77.5946 \u001b[32m204\u001b[0m 0.196 ms - 0\u001b[0m"}}
{"timestamp":"2026-09-18T07:25:06.783Z","level":"http","event":"request","details":{"message":"\u001b[0mOPTIONS /api/v1/connections \u001b[32m204\u001b[0m 0.193 ms - 0\u001b[0m"}}
{"timestamp":"2026-09-18T07:25:06.901Z","level":"http","event":"request","details":{"message":"\u001b[0mGET /api/v1/users?page=1&limit=50&lat=12.9716&lng=77.5946 \u001b[36m304\u001b[0m 109.466 ms - -\u001b[0m"}}
{"timestamp":"2026-09-18T07:25:07.010Z","level":"http","event":"request","details":{"message":"\u001b[0mGET /api/v1/users?page=1&limit=50&lat=12.9716&lng=77.5946 \u001b[36m304\u001b[0m 89.408 ms - -\u001b[0m"}}
{"timestamp":"2026-09-18T07:25:07.098Z","level":"http","event":"request","details":{"message":"\u001b[0mGET /api/v1/connections \u001b[36m304\u001b[0m 287.059 ms - -\u001b[0m"}}
{"timestamp":"2026-09-18T07:25:07.365Z","level":"http","event":"request","details":{"message":"\u001b[0mGET /api/v1/connections \u001b[36m304\u001b[0m 258.683 ms - -\u001b[0m"}}
{"timestamp":"2026-09-18T07:35:55.484Z","level":"warn","event":"auth_failure","details":{"path":"/auth/me"}}
{"timestamp":"2026-09-18T07:37:29.054Z","level":"warn","event":"auth_failure","details":{"path":"/auth/me"}}
{"timestamp":"2026-09-18T07:48:30.163Z","level":"http","event":"request","details":{"message":"\u001b[0mOPTIONS /api/v1/users?page=1&limit=50&lat=12.9716&lng=77.5946 \u001b[32m204\u001b[0m 0.334 ms - 0\u001b[0m"}}
{"timestamp":"2026-09-18T07:48:30.174Z","level":"http","event":"request","details":{"message":"\u001b[0mOPTIONS /api/v1/connections \u001b[32m204\u001b[0m 0.176 ms - 0\u001b[0m"}}
{"timestamp":"2026-09-18T07:48:30.181Z","level":"http","event":"request","details":{"message":"\u001b[0mOPTIONS /api/v1/users?page=1&limit=50&lat=12.9716&lng=77.5946 \u001b[32m204\u001b[0m 0.190 ms - 0\u001b[0m"}}
{"timestamp":"2026-09-18T07:48:30.198Z","level":"http","event":"request","details":{"message":"\u001b[0mOPTIONS /api/v1/connections \u001b[32m204\u001b[0m 0.394 ms - 0\u001b[0m"}}
{"timestamp":"2026-09-18T07:48:30.295Z","level":"http","event":"request","details":{"message":"\u001b[0mGET /api/v1/users?page=1&limit=50&lat=12.9716&lng=77.5946 \u001b[36m304\u001b[0m 90.214 ms - -\u001b[0m"}}
{"timestamp":"2026-09-18T07:48:30.408Z","level":"http","event":"request","details":{"message":"\u001b[0mGET /api/v1/users?page=1&limit=50&lat=12.9716&lng=77.5946 \u001b[36m304\u001b[0m 102.230 ms - -\u001b[0m"}}
{"timestamp":"2026-09-18T07:48:30.905Z","level":"http","event":"request","details":{"message":"\u001b[0mGET /api/v1/connections \u001b[36m304\u001b[0m 695.602 ms - -\u001b[0m"}}
{"timestamp":"2026-09-18T07:48:31.122Z","level":"http","event":"request","details":{"message":"\u001b[0mGET /api/v1/connections \u001b[36m304\u001b[0m 213.813 ms - -\u001b[0m"}}
{"timestamp":"2026-09-18T07:48:32.147Z","level":"http","event":"request","details":{"message":"\u001b[0mOPTIONS /auth/me \u001b[32m204\u001b[0m 0.261 ms - 0\u001b[0m"}}
{"timestamp":"2026-09-18T07:48:32.150Z","level":"http","event":"request","details":{"message":"\u001b[0mOPTIONS /api/v1/posts \u001b[32m204\u001b[0m 0.176 ms - 0\u001b[0m"}}
{"timestamp":"2026-09-18T07:48:32.156Z","level":"http","event":"request","details":{"message":"\u001b[0mOPTIONS /auth/me \u001b[32m204\u001b[0m 0.148 ms - 0\u001b[0m"}}
{"timestamp":"2026-09-18T07:48:32.159Z","level":"http","event":"request","details":{"message":"\u001b[0mOPTIONS /api/v1/posts \u001b[32m204\u001b[0m 0.285 ms - 0\u001b[0m"}}
{"timestamp":"2026-09-18T07:48:32.171Z","level":"http","event":"request","details":{"message":"\u001b[0mOPTIONS /api/v1/push/vapid-key \u001b[32m204\u001b[0m 0.735 ms - 0\u001b[0m"}}
{"timestamp":"2026-09-18T07:48:32.179Z","level":"http","event":"request","details":{"message":"\u001b[0mOPTIONS /api/v1/push/vapid-key \u001b[32m204\u001b[0m 0.238 ms - 0\u001b[0m"}}
{"timestamp":"2026-09-18T07:48:32.199Z","level":"http","event":"request","details":{"message":"\u001b[0mGET /api/v1/push/vapid-key \u001b[36m304\u001b[0m 1.009 ms - -\u001b[0m"}}
{"timestamp":"2026-09-18T07:48:32.205Z","level":"http","event":"request","details":{"message":"\u001b[0mGET /api/v1/push/vapid-key \u001b[36m304\u001b[0m 0.355 ms - -\u001b[0m"}}
{"timestamp":"2026-09-18T07:48:32.214Z","level":"http","event":"request","details":{"message":"\u001b[0mOPTIONS /api/v1/push/subscribe \u001b[32m204\u001b[0m 0.185 ms - 0\u001b[0m"}}
{"timestamp":"2026-09-18T07:48:32.221Z","level":"http","event":"request","details":{"message":"\u001b[0mOPTIONS /api/v1/push/subscribe \u001b[32m204\u001b[0m 3.667 ms - 0\u001b[0m"}}
{"timestamp":"2026-09-18T07:48:32.307Z","level":"http","event":"request","details":{"message":"\u001b[0mGET /auth/me \u001b[36m304\u001b[0m 145.218 ms - -\u001b[0m"}}
{"timestamp":"2026-09-18T07:48:32.447Z","level":"http","event":"request","details":{"message":"\u001b[0mGET /api/v1/connections \u001b[36m304\u001b[0m 294.076 ms - -\u001b[0m"}}
{"timestamp":"2026-09-18T07:48:32.476Z","level":"http","event":"request","details":{"message":"\u001b[0mGET /api/v1/posts \u001b[32m200\u001b[0m 292.523 ms - 886\u001b[0m"}}
{"timestamp":"2026-09-18T07:48:32.495Z","level":"http","event":"request","details":{"message":"\u001b[0mGET /auth/me \u001b[36m304\u001b[0m 184.871 ms - -\u001b[0m"}}
{"timestamp":"2026-09-18T07:48:32.724Z","level":"http","event":"request","details":{"message":"\u001b[0mGET /api/v1/posts \u001b[32m200\u001b[0m 239.471 ms - 886\u001b[0m"}}
{"timestamp":"2026-09-18T07:48:32.808Z","level":"http","event":"request","details":{"message":"\u001b[0mPOST /api/v1/push/subscribe \u001b[32m201\u001b[0m 580.858 ms - 53\u001b[0m"}}
{"timestamp":"2026-09-18T07:48:32.811Z","level":"http","event":"request","details":{"message":"\u001b[0mPOST /api/v1/push/subscribe \u001b[32m201\u001b[0m 562.941 ms - 53\u001b[0m"}}
{"timestamp":"2026-09-18T07:48:33.096Z","level":"http","event":"request","details":{"message":"\u001b[0mGET /api/v1/connections \u001b[36m304\u001b[0m 645.714 ms - -\u001b[0m"}}
{"timestamp":"2026-09-18T07:48:35.876Z","level":"http","event":"request","details":{"message":"\u001b[0mOPTIONS /api/v1/messages/6aacb0672a08b6d74d52c7af \u001b[32m204\u001b[0m 0.365 ms - 0\u001b[0m"}}
{"timestamp":"2026-09-18T07:48:36.209Z","level":"http","event":"request","details":{"message":"\u001b[0mGET /api/v1/messages/6aacb0672a08b6d74d52c7af \u001b[32m200\u001b[0m 324.419 ms - 1357\u001b[0m"}}
{"timestamp":"2026-09-18T07:49:40.345Z","level":"http","event":"request","details":{"message":"\u001b[0mOPTIONS /api/v1/users?page=1&limit=50&lat=12.9716&lng=77.5946 \u001b[32m204\u001b[0m 0.168 ms - 0\u001b[0m"}}
{"timestamp":"2026-09-18T07:49:40.360Z","level":"http","event":"request","details":{"message":"\u001b[0mOPTIONS /api/v1/connections \u001b[32m204\u001b[0m 0.418 ms - 0\u001b[0m"}}
{"timestamp":"2026-09-18T07:49:40.364Z","level":"http","event":"request","details":{"message":"\u001b[0mOPTIONS /api/v1/users?page=1&limit=50&lat=12.9716&lng=77.5946 \u001b[32m204\u001b[0m 0.290 ms - 0\u001b[0m"}}
{"timestamp":"2026-09-18T07:49:40.373Z","level":"http","event":"request","details":{"message":"\u001b[0mOPTIONS /api/v1/connections \u001b[32m204\u001b[0m 0.145 ms - 0\u001b[0m"}}
{"timestamp":"2026-09-18T07:49:40.489Z","level":"http","event":"request","details":{"message":"\u001b[0mGET /api/v1/users?page=1&limit=50&lat=12.9716&lng=77.5946 \u001b[36m304\u001b[0m 111.674 ms - -\u001b[0m"}}
{"timestamp":"2026-09-18T07:49:40.624Z","level":"http","event":"request","details":{"message":"\u001b[0mGET /api/v1/users?page=1&limit=50&lat=12.9716&lng=77.5946 \u001b[36m304\u001b[0m 114.558 ms - -\u001b[0m"}}
{"timestamp":"2026-09-18T07:49:40.767Z","level":"http","event":"request","details":{"message":"\u001b[0mGET /api/v1/connections \u001b[36m304\u001b[0m 383.224 ms - -\u001b[0m"}}
{"timestamp":"2026-09-18T07:49:41.036Z","level":"http","event":"request","details":{"message":"\u001b[0mGET /api/v1/connections \u001b[36m304\u001b[0m 264.916 ms - -\u001b[0m"}}
{"timestamp":"2026-09-18T07:49:50.656Z","level":"http","event":"request","details":{"message":"\u001b[0mOPTIONS /api/v1/messages/6aacb0672a08b6d74d52c7af \u001b[32m204\u001b[0m 0.256 ms - 0\u001b[0m"}}
{"timestamp":"2026-09-18T07:49:51.557Z","level":"http","event":"request","details":{"message":"\u001b[0mGET /api/v1/messages/6aacb0672a08b6d74d52c7af \u001b[32m200\u001b[0m 894.381 ms - 1357\u001b[0m"}}
{"timestamp":"2026-09-18T07:49:54.086Z","level":"http","event":"request","details":{"message":"\u001b[0mOPTIONS /api/v1/reports/6aacb0672a08b6d74d52c7af \u001b[32m204\u001b[0m 0.221 ms - 0\u001b[0m"}}
{"timestamp":"2026-09-18T07:49:54.420Z","level":"http","event":"request","details":{"message":"\u001b[0mPOST /api/v1/reports/6aacb0672a08b6d74d52c7af \u001b[32m201\u001b[0m 328.325 ms - 71\u001b[0m"}}
{"timestamp":"2026-09-18T07:50:01.790Z","level":"http","event":"request","details":{"message":"\u001b[0mGET /admin/session \u001b[33m401\u001b[0m 0.367 ms - 88\u001b[0m"}}
{"timestamp":"2026-09-18T07:50:01.802Z","level":"http","event":"request","details":{"message":"\u001b[0mGET /admin/session \u001b[33m401\u001b[0m 0.542 ms - 88\u001b[0m"}}
{"timestamp":"2026-09-18T07:50:11.966Z","level":"http","event":"request","details":{"message":"\u001b[0mOPTIONS /admin/login \u001b[32m204\u001b[0m 0.119 ms - 0\u001b[0m"}}
{"timestamp":"2026-09-18T07:50:12.494Z","level":"http","event":"request","details":{"message":"\u001b[0mPOST /admin/login \u001b[33m401\u001b[0m 523.587 ms - 95\u001b[0m"}}
{"timestamp":"2026-09-18T07:50:18.590Z","level":"http","event":"request","details":{"message":"\u001b[0mOPTIONS /admin/login \u001b[32m204\u001b[0m 0.107 ms - 0\u001b[0m"}}
{"timestamp":"2026-09-18T07:50:19.173Z","level":"http","event":"request","details":{"message":"\u001b[0mPOST /admin/login \u001b[33m401\u001b[0m 578.197 ms - 95\u001b[0m"}}
{"timestamp":"2026-09-18T07:50:25.414Z","level":"http","event":"request","details":{"message":"\u001b[0mOPTIONS /admin/login \u001b[32m204\u001b[0m 0.109 ms - 0\u001b[0m"}}
{"timestamp":"2026-09-18T07:50:25.954Z","level":"http","event":"request","details":{"message":"\u001b[0mPOST /admin/login \u001b[32m200\u001b[0m 536.325 ms - 454\u001b[0m"}}
{"timestamp":"2026-09-18T07:50:26.015Z","level":"http","event":"request","details":{"message":"\u001b[0mOPTIONS /admin/data?page=1&limit=20 \u001b[32m204\u001b[0m 0.146 ms - 0\u001b[0m"}}
{"timestamp":"2026-09-18T07:50:26.022Z","level":"http","event":"request","details":{"message":"\u001b[0mOPTIONS /admin/status \u001b[32m204\u001b[0m 0.258 ms - 0\u001b[0m"}}
{"timestamp":"2026-09-18T07:50:26.443Z","level":"http","event":"request","details":{"message":"\u001b[0mGET /admin/status \u001b[32m200\u001b[0m 404.805 ms - 231\u001b[0m"}}
{"timestamp":"2026-09-18T07:50:26.686Z","level":"http","event":"request","details":{"message":"\u001b[0mGET /admin/data?page=1&limit=20 \u001b[32m200\u001b[0m 658.763 ms - 7457\u001b[0m"}}
{"timestamp":"2026-09-18T07:51:08.704Z","level":"http","event":"request","details":{"message":"\u001b[0mOPTIONS /admin/data?page=1&limit=20 \u001b[32m204\u001b[0m 0.181 ms - 0\u001b[0m"}}
{"timestamp":"2026-09-18T07:51:08.710Z","level":"http","event":"request","details":{"message":"\u001b[0mOPTIONS /admin/status \u001b[32m204\u001b[0m 0.173 ms - 0\u001b[0m"}}
{"timestamp":"2026-09-18T07:51:09.345Z","level":"http","event":"request","details":{"message":"\u001b[0mGET /admin/status \u001b[32m200\u001b[0m 607.161 ms - 231\u001b[0m"}}
{"timestamp":"2026-09-18T07:51:09.429Z","level":"http","event":"request","details":{"message":"\u001b[0mGET /admin/data?page=1&limit=20 \u001b[32m200\u001b[0m 698.090 ms - 6417\u001b[0m"}}
{"timestamp":"2026-09-18T07:51:09.685Z","level":"http","event":"request","details":{"message":"\u001b[0mGET /admin/data?page=1&limit=20 \u001b[32m200\u001b[0m 248.928 ms - 6417\u001b[0m"}}
{"timestamp":"2026-09-18T07:51:10.017Z","level":"http","event":"request","details":{"message":"\u001b[0mGET /admin/status \u001b[32m200\u001b[0m 572.536 ms - 230\u001b[0m"}}
{"timestamp":"2026-09-18T07:51:14.377Z","level":"http","event":"request","details":{"message":"\u001b[0mOPTIONS /api/v1/users?page=1&limit=50&lat=12.9716&lng=77.5946 \u001b[32m204\u001b[0m 0.301 ms - 0\u001b[0m"}}
{"timestamp":"2026-09-18T07:51:14.384Z","level":"http","event":"request","details":{"message":"\u001b[0mOPTIONS /api/v1/connections \u001b[32m204\u001b[0m 0.255 ms - 0\u001b[0m"}}
{"timestamp":"2026-09-18T07:51:14.391Z","level":"http","event":"request","details":{"message":"\u001b[0mOPTIONS /api/v1/users?page=1&limit=50&lat=12.9716&lng=77.5946 \u001b[32m204\u001b[0m 0.196 ms - 0\u001b[0m"}}
{"timestamp":"2026-09-18T07:51:14.411Z","level":"http","event":"request","details":{"message":"\u001b[0mOPTIONS /api/v1/connections \u001b[32m204\u001b[0m 0.378 ms - 0\u001b[0m"}}
{"timestamp":"2026-09-18T07:51:14.473Z","level":"http","event":"request","details":{"message":"\u001b[0mGET /api/v1/users?page=1&limit=50&lat=12.9716&lng=77.5946 \u001b[36m304\u001b[0m 78.168 ms - -\u001b[0m"}}
{"timestamp":"2026-09-18T07:51:14.575Z","level":"http","event":"request","details":{"message":"\u001b[0mGET /api/v1/users?page=1&limit=50&lat=12.9716&lng=77.5946 \u001b[36m304\u001b[0m 93.663 ms - -\u001b[0m"}}
{"timestamp":"2026-09-18T07:51:14.613Z","level":"http","event":"request","details":{"message":"\u001b[0mGET /api/v1/connections \u001b[36m304\u001b[0m 214.125 ms - -\u001b[0m"}}
{"timestamp":"2026-09-18T07:51:14.854Z","level":"http","event":"request","details":{"message":"\u001b[0mGET /api/v1/connections \u001b[36m304\u001b[0m 237.026 ms - -\u001b[0m"}}
{"timestamp":"2026-09-18T07:51:23.273Z","level":"http","event":"request","details":{"message":"\u001b[0mOPTIONS /api/v1/users?page=1&limit=50&lat=12.9716&lng=77.5946 \u001b[32m204\u001b[0m 0.186 ms - 0\u001b[0m"}}
{"timestamp":"2026-09-18T07:51:23.279Z","level":"http","event":"request","details":{"message":"\u001b[0mOPTIONS /api/v1/connections \u001b[32m204\u001b[0m 0.132 ms - 0\u001b[0m"}}
{"timestamp":"2026-09-18T07:51:23.295Z","level":"http","event":"request","details":{"message":"\u001b[0mOPTIONS /api/v1/connections \u001b[32m204\u001b[0m 0.153 ms - 0\u001b[0m"}}
{"timestamp":"2026-09-18T07:51:23.303Z","level":"http","event":"request","details":{"message":"\u001b[0mOPTIONS /api/v1/users?page=1&limit=50&lat=12.9716&lng=77.5946 \u001b[32m204\u001b[0m 2.289 ms - 0\u001b[0m"}}
{"timestamp":"2026-09-18T07:51:23.382Z","level":"http","event":"request","details":{"message":"\u001b[0mGET /api/v1/users?page=1&limit=50&lat=12.9716&lng=77.5946 \u001b[32m200\u001b[0m 71.606 ms - 13288\u001b[0m"}}
{"timestamp":"2026-09-18T07:51:23.426Z","level":"http","event":"request","details":{"message":"\u001b[0mGET /api/v1/users?page=1&limit=50&lat=12.9716&lng=77.5946 \u001b[32m200\u001b[0m 81.065 ms - 13288\u001b[0m"}}
{"timestamp":"2026-09-18T07:51:23.535Z","level":"http","event":"request","details":{"message":"\u001b[0mGET /api/v1/connections \u001b[32m200\u001b[0m 218.655 ms - 4310\u001b[0m"}}
{"timestamp":"2026-09-18T07:51:23.578Z","level":"http","event":"request","details":{"message":"\u001b[0mGET /api/v1/connections \u001b[32m200\u001b[0m 242.532 ms - 4310\u001b[0m"}}
{"timestamp":"2026-09-18T07:51:24.758Z","level":"http","event":"request","details":{"message":"\u001b[0mOPTIONS /api/v1/users?page=1&limit=50&lat=12.9716&lng=77.5946 \u001b[32m204\u001b[0m 0.211 ms - 0\u001b[0m"}}
{"timestamp":"2026-09-18T07:51:24.813Z","level":"http","event":"request","details":{"message":"\u001b[0mOPTIONS /api/v1/connections \u001b[32m204\u001b[0m 0.384 ms - 0\u001b[0m"}}
{"timestamp":"2026-09-18T07:51:24.820Z","level":"http","event":"request","details":{"message":"\u001b[0mOPTIONS /api/v1/users?page=1&limit=50&lat=12.9716&lng=77.5946 \u001b[32m204\u001b[0m 0.162 ms - 0\u001b[0m"}}
{"timestamp":"2026-09-18T07:51:24.855Z","level":"http","event":"request","details":{"message":"\u001b[0mOPTIONS /api/v1/connections \u001b[32m204\u001b[0m 0.193 ms - 0\u001b[0m"}}
{"timestamp":"2026-09-18T07:51:24.940Z","level":"http","event":"request","details":{"message":"\u001b[0mGET /api/v1/users?page=1&limit=50&lat=12.9716&lng=77.5946 \u001b[32m200\u001b[0m 113.516 ms - 13288\u001b[0m"}}
{"timestamp":"2026-09-18T07:51:24.993Z","level":"http","event":"request","details":{"message":"\u001b[0mGET /api/v1/users?page=1&limit=50&lat=12.9716&lng=77.5946 \u001b[32m200\u001b[0m 101.974 ms - 13288\u001b[0m"}}
{"timestamp":"2026-09-18T07:51:25.140Z","level":"http","event":"request","details":{"message":"\u001b[0mGET /api/v1/connections \u001b[32m200\u001b[0m 261.363 ms - 4310\u001b[0m"}}
{"timestamp":"2026-09-18T07:51:25.151Z","level":"http","event":"request","details":{"message":"\u001b[0mGET /api/v1/connections \u001b[32m200\u001b[0m 254.883 ms - 4310\u001b[0m"}}
{"timestamp":"2026-09-18T07:51:27.811Z","level":"http","event":"request","details":{"message":"\u001b[0mOPTIONS /auth/logout \u001b[32m204\u001b[0m 0.331 ms - 0\u001b[0m"}}
{"timestamp":"2026-09-18T07:51:27.816Z","level":"http","event":"request","details":{"message":"\u001b[0mPOST /auth/logout \u001b[32m200\u001b[0m 0.553 ms - 62\u001b[0m"}}
{"timestamp":"2026-09-18T07:56:47.999Z","level":"http","event":"request","details":{"message":"\u001b[0mOPTIONS /api/v1/users?page=1&limit=50 \u001b[32m204\u001b[0m 0.279 ms - 0\u001b[0m"}}
{"timestamp":"2026-09-18T07:56:48.021Z","level":"http","event":"request","details":{"message":"\u001b[0mOPTIONS /api/v1/users?page=1&limit=50 \u001b[32m204\u001b[0m 0.173 ms - 0\u001b[0m"}}
{"timestamp":"2026-09-18T07:56:48.179Z","level":"http","event":"request","details":{"message":"\u001b[0mGET /api/v1/users?page=1&limit=50 \u001b[36m304\u001b[0m 134.492 ms - -\u001b[0m"}}
{"timestamp":"2026-09-18T07:56:48.274Z","level":"http","event":"request","details":{"message":"\u001b[0mGET /api/v1/users?page=1&limit=50 \u001b[36m304\u001b[0m 92.497 ms - -\u001b[0m"}}
{"timestamp":"2026-09-18T08:01:53.546Z","level":"http","event":"request","details":{"message":"\u001b[0mOPTIONS /api/v1/users?page=1&limit=50 \u001b[32m204\u001b[0m 2.240 ms - 0\u001b[0m"}}
{"timestamp":"2026-09-18T08:01:53.560Z","level":"http","event":"request","details":{"message":"\u001b[0mOPTIONS /api/v1/users?page=1&limit=50 \u001b[32m204\u001b[0m 0.125 ms - 0\u001b[0m"}}
{"timestamp":"2026-09-18T08:01:53.667Z","level":"http","event":"request","details":{"message":"\u001b[0mGET /api/v1/users?page=1&limit=50 \u001b[36m304\u001b[0m 100.485 ms - -\u001b[0m"}}
{"timestamp":"2026-09-18T08:01:53.807Z","level":"http","event":"request","details":{"message":"\u001b[0mGET /api/v1/users?page=1&limit=50 \u001b[36m304\u001b[0m 122.203 ms - -\u001b[0m"}}
{"timestamp":"2026-09-18T08:12:03.382Z","level":"http","event":"request","details":{"message":"\u001b[0mOPTIONS /api/v1/users?page=1&limit=50 \u001b[32m204\u001b[0m 3.148 ms - 0\u001b[0m"}}
{"timestamp":"2026-09-18T08:12:03.399Z","level":"http","event":"request","details":{"message":"\u001b[0mOPTIONS /api/v1/users?page=1&limit=50 \u001b[32m204\u001b[0m 0.415 ms - 0\u001b[0m"}}
{"timestamp":"2026-09-18T08:12:03.505Z","level":"http","event":"request","details":{"message":"\u001b[0mGET /api/v1/users?page=1&limit=50 \u001b[36m304\u001b[0m 95.770 ms - -\u001b[0m"}}
{"timestamp":"2026-09-18T08:12:03.583Z","level":"http","event":"request","details":{"message":"\u001b[0mGET /api/v1/users?page=1&limit=50 \u001b[36m304\u001b[0m 69.848 ms - -\u001b[0m"}}
{"timestamp":"2026-09-18T08:12:14.509Z","level":"http","event":"request","details":{"message":"\u001b[0mOPTIONS /api/v1/users?page=1&limit=50 \u001b[32m204\u001b[0m 0.310 ms - 0\u001b[0m"}}
{"timestamp":"2026-09-18T08:12:14.515Z","level":"http","event":"request","details":{"message":"\u001b[0mOPTIONS /api/v1/users?page=1&limit=50 \u001b[32m204\u001b[0m 0.851 ms - 0\u001b[0m"}}
{"timestamp":"2026-09-18T08:12:14.596Z","level":"http","event":"request","details":{"message":"\u001b[0mGET /api/v1/users?page=1&limit=50 \u001b[36m304\u001b[0m 67.799 ms - -\u001b[0m"}}
{"timestamp":"2026-09-18T08:12:14.677Z","level":"http","event":"request","details":{"message":"\u001b[0mGET /api/v1/users?page=1&limit=50 \u001b[36m304\u001b[0m 75.288 ms - -\u001b[0m"}}
{"timestamp":"2026-09-18T08:12:35.332Z","level":"http","event":"request","details":{"message":"\u001b[0mOPTIONS /api/v1/users?page=1&limit=50 \u001b[32m204\u001b[0m 0.730 ms - 0\u001b[0m"}}
{"timestamp":"2026-09-18T08:12:35.343Z","level":"http","event":"request","details":{"message":"\u001b[0mOPTIONS /api/v1/users?page=1&limit=50 \u001b[32m204\u001b[0m 0.443 ms - 0\u001b[0m"}}
{"timestamp":"2026-09-18T08:12:35.422Z","level":"http","event":"request","details":{"message":"\u001b[0mGET /api/v1/users?page=1&limit=50 \u001b[36m304\u001b[0m 73.418 ms - -\u001b[0m"}}
{"timestamp":"2026-09-18T08:12:35.492Z","level":"http","event":"request","details":{"message":"\u001b[0mGET /api/v1/users?page=1&limit=50 \u001b[36m304\u001b[0m 63.862 ms - -\u001b[0m"}}
{"timestamp":"2026-09-18T08:12:37.667Z","level":"http","event":"request","details":{"message":"\u001b[0mGET /api/v1/users?page=1&limit=50 \u001b[36m304\u001b[0m 68.828 ms - -\u001b[0m"}}
{"timestamp":"2026-09-18T08:12:37.741Z","level":"http","event":"request","details":{"message":"\u001b[0mGET /api/v1/users?page=1&limit=50 \u001b[36m304\u001b[0m 70.698 ms - -\u001b[0m"}}
{"timestamp":"2026-09-18T08:12:44.168Z","level":"http","event":"request","details":{"message":"\u001b[0mGET /admin/session \u001b[36m304\u001b[0m 69.263 ms - -\u001b[0m"}}
{"timestamp":"2026-09-18T08:12:44.241Z","level":"http","event":"request","details":{"message":"\u001b[0mGET /admin/session \u001b[36m304\u001b[0m 69.129 ms - -\u001b[0m"}}
{"timestamp":"2026-09-18T08:12:44.293Z","level":"http","event":"request","details":{"message":"\u001b[0mOPTIONS /admin/data?page=1&limit=20 \u001b[32m204\u001b[0m 0.227 ms - 0\u001b[0m"}}
{"timestamp":"2026-09-18T08:12:44.312Z","level":"http","event":"request","details":{"message":"\u001b[0mOPTIONS /admin/status \u001b[32m204\u001b[0m 1.511 ms - 0\u001b[0m"}}
{"timestamp":"2026-09-18T08:12:44.594Z","level":"http","event":"request","details":{"message":"\u001b[0mGET /admin/data?page=1&limit=20 \u001b[32m200\u001b[0m 291.707 ms - 6417\u001b[0m"}}
{"timestamp":"2026-09-18T08:12:44.922Z","level":"http","event":"request","details":{"message":"\u001b[0mGET /admin/status \u001b[32m200\u001b[0m 598.847 ms - 228\u001b[0m"}}
{"timestamp":"2026-09-18T08:12:47.622Z","level":"http","event":"request","details":{"message":"\u001b[0mPOST /admin/logout \u001b[32m200\u001b[0m 75.675 ms - 49\u001b[0m"}}
{"timestamp":"2026-09-18T08:12:50.692Z","level":"http","event":"request","details":{"message":"\u001b[0mGET /admin/session \u001b[33m401\u001b[0m 0.733 ms - 88\u001b[0m"}}
{"timestamp":"2026-09-18T08:12:50.701Z","level":"http","event":"request","details":{"message":"\u001b[0mGET /admin/session \u001b[33m401\u001b[0m 0.780 ms - 88\u001b[0m"}}
{"timestamp":"2026-09-22T17:21:13.155Z","level":"http","event":"request","details":{"message":"\u001b[0mOPTIONS /api/v1/users?page=1&limit=50&lat=12.9716&lng=77.5946 \u001b[32m204\u001b[0m 1.816 ms - 0\u001b[0m"}}
{"timestamp":"2026-09-22T17:21:13.167Z","level":"http","event":"request","details":{"message":"\u001b[0mOPTIONS /api/v1/connections \u001b[32m204\u001b[0m 0.380 ms - 0\u001b[0m"}}
{"timestamp":"2026-09-22T17:21:13.177Z","level":"http","event":"request","details":{"message":"\u001b[0mOPTIONS /api/v1/users?page=1&limit=50&lat=12.9716&lng=77.5946 \u001b[32m204\u001b[0m 0.504 ms - 0\u001b[0m"}}
{"timestamp":"2026-09-22T17:21:13.183Z","level":"http","event":"request","details":{"message":"\u001b[0mOPTIONS /api/v1/connections \u001b[32m204\u001b[0m 1.839 ms - 0\u001b[0m"}}
{"timestamp":"2026-09-22T17:21:13.387Z","level":"http","event":"request","details":{"message":"\u001b[0mGET /api/v1/users?page=1&limit=50&lat=12.9716&lng=77.5946 \u001b[32m200\u001b[0m 159.853 ms - 25132\u001b[0m"}}
{"timestamp":"2026-09-22T17:21:13.489Z","level":"http","event":"request","details":{"message":"\u001b[0mGET /api/v1/users?page=1&limit=50&lat=12.9716&lng=77.5946 \u001b[36m304\u001b[0m 88.021 ms - -\u001b[0m"}}
{"timestamp":"2026-09-22T17:21:13.534Z","level":"http","event":"request","details":{"message":"\u001b[0mGET /api/v1/connections \u001b[32m200\u001b[0m 289.903 ms - 9184\u001b[0m"}}
{"timestamp":"2026-09-22T17:21:13.778Z","level":"http","event":"request","details":{"message":"\u001b[0mGET /api/v1/connections \u001b[36m304\u001b[0m 238.908 ms - -\u001b[0m"}}
{"timestamp":"2026-09-22T17:21:43.825Z","level":"http","event":"request","details":{"message":"\u001b[0mOPTIONS /api/v1/connections \u001b[32m204\u001b[0m 0.242 ms - 0\u001b[0m"}}
{"timestamp":"2026-09-22T17:21:44.076Z","level":"http","event":"request","details":{"message":"\u001b[0mGET /api/v1/connections \u001b[36m304\u001b[0m 240.379 ms - -\u001b[0m"}}
{"timestamp":"2026-09-22T17:22:13.828Z","level":"http","event":"request","details":{"message":"\u001b[0mOPTIONS /api/v1/connections \u001b[32m204\u001b[0m 1.225 ms - 0\u001b[0m"}}
{"timestamp":"2026-09-22T17:22:14.067Z","level":"http","event":"request","details":{"message":"\u001b[0mGET /api/v1/connections \u001b[36m304\u001b[0m 232.596 ms - -\u001b[0m"}}
{"timestamp":"2026-09-22T17:22:43.829Z","level":"http","event":"request","details":{"message":"\u001b[0mOPTIONS /api/v1/connections \u001b[32m204\u001b[0m 0.237 ms - 0\u001b[0m"}}
{"timestamp":"2026-09-22T17:22:44.080Z","level":"http","event":"request","details":{"message":"\u001b[0mGET /api/v1/connections \u001b[36m304\u001b[0m 242.423 ms - -\u001b[0m"}}
{"timestamp":"2026-09-22T17:23:24.067Z","level":"http","event":"request","details":{"message":"\u001b[0mOPTIONS /api/v1/users?page=1&limit=50&lat=12.9716&lng=77.5946 \u001b[32m204\u001b[0m 0.135 ms - 0\u001b[0m"}}
{"timestamp":"2026-09-22T17:23:24.070Z","level":"http","event":"request","details":{"message":"\u001b[0mOPTIONS /api/v1/connections \u001b[32m204\u001b[0m 0.149 ms - 0\u001b[0m"}}
{"timestamp":"2026-09-22T17:23:24.161Z","level":"http","event":"request","details":{"message":"\u001b[0mGET /api/v1/users?page=1&limit=50&lat=12.9716&lng=77.5946 \u001b[36m304\u001b[0m 86.084 ms - -\u001b[0m"}}
{"timestamp":"2026-09-22T17:23:24.248Z","level":"http","event":"request","details":{"message":"\u001b[0mGET /api/v1/users?page=1&limit=50&lat=12.9716&lng=77.5946 \u001b[36m304\u001b[0m 83.380 ms - -\u001b[0m"}}
{"timestamp":"2026-09-22T17:23:24.736Z","level":"http","event":"request","details":{"message":"\u001b[0mGET /api/v1/connections \u001b[36m304\u001b[0m 658.337 ms - -\u001b[0m"}}
{"timestamp":"2026-09-22T17:23:24.980Z","level":"http","event":"request","details":{"message":"\u001b[0mGET /api/v1/connections \u001b[36m304\u001b[0m 239.418 ms - -\u001b[0m"}}
{"timestamp":"2026-09-22T17:23:54.826Z","level":"http","event":"request","details":{"message":"\u001b[0mOPTIONS /api/v1/connections \u001b[32m204\u001b[0m 0.187 ms - 0\u001b[0m"}}
{"timestamp":"2026-09-22T17:23:55.047Z","level":"http","event":"request","details":{"message":"\u001b[0mGET /api/v1/connections \u001b[36m304\u001b[0m 214.452 ms - -\u001b[0m"}}
{"timestamp":"2026-09-22T17:24:24.823Z","level":"http","event":"request","details":{"message":"\u001b[0mOPTIONS /api/v1/connections \u001b[32m204\u001b[0m 0.179 ms - 0\u001b[0m"}}
{"timestamp":"2026-09-22T17:24:25.050Z","level":"http","event":"request","details":{"message":"\u001b[0mGET /api/v1/connections \u001b[36m304\u001b[0m 220.604 ms - -\u001b[0m"}}
{"timestamp":"2026-09-22T17:24:53.457Z","level":"http","event":"request","details":{"message":"\u001b[0mOPTIONS /auth/logout \u001b[32m204\u001b[0m 4.244 ms - 0\u001b[0m"}}
{"timestamp":"2026-09-22T17:24:53.481Z","level":"http","event":"request","details":{"message":"\u001b[0mPOST /auth/logout \u001b[32m200\u001b[0m 5.290 ms - 62\u001b[0m"}}
{"timestamp":"2026-09-22T17:26:59.355Z","level":"http","event":"request","details":{"message":"\u001b[0mOPTIONS /api/v1/users?page=1&limit=50 \u001b[32m204\u001b[0m 1.229 ms - 0\u001b[0m"}}
{"timestamp":"2026-09-22T17:26:59.375Z","level":"http","event":"request","details":{"message":"\u001b[0mOPTIONS /api/v1/users?page=1&limit=50 \u001b[32m204\u001b[0m 0.547 ms - 0\u001b[0m"}}
{"timestamp":"2026-09-22T17:26:59.538Z","level":"http","event":"request","details":{"message":"\u001b[0mGET /api/v1/users?page=1&limit=50 \u001b[32m200\u001b[0m 153.069 ms - 25220\u001b[0m"}}
{"timestamp":"2026-09-22T17:26:59.628Z","level":"http","event":"request","details":{"message":"\u001b[0mGET /api/v1/users?page=1&limit=50 \u001b[36m304\u001b[0m 83.831 ms - -\u001b[0m"}}
{"timestamp":"2026-09-22T17:29:02.337Z","level":"http","event":"request","details":{"message":"\u001b[0mOPTIONS /auth/create-account \u001b[32m204\u001b[0m 4.023 ms - 0\u001b[0m"}}
{"timestamp":"2026-09-22T17:29:04.733Z","level":"info","event":"registration_created","details":{"userId":"6ab2bae0ced11f3517e74cd0","email":"supportfoundmet@gmail.com","hasPhoto":true}}
{"timestamp":"2026-09-22T17:29:09.223Z","level":"http","event":"request","details":{"message":"\u001b[0mPOST /auth/create-account \u001b[32m201\u001b[0m 6866.999 ms - 1921\u001b[0m"}}
{"timestamp":"2026-09-22T17:30:49.789Z","level":"http","event":"request","details":{"message":"\u001b[0mOPTIONS /api/v1/users?page=1&limit=50&lat=12.9716&lng=77.5946 \u001b[32m204\u001b[0m 0.341 ms - 0\u001b[0m"}}
{"timestamp":"2026-09-22T17:30:49.798Z","level":"http","event":"request","details":{"message":"\u001b[0mOPTIONS /api/v1/connections \u001b[32m204\u001b[0m 0.346 ms - 0\u001b[0m"}}
{"timestamp":"2026-09-22T17:30:49.804Z","level":"http","event":"request","details":{"message":"\u001b[0mOPTIONS /api/v1/users?page=1&limit=50&lat=12.9716&lng=77.5946 \u001b[32m204\u001b[0m 0.246 ms - 0\u001b[0m"}}
{"timestamp":"2026-09-22T17:30:49.816Z","level":"http","event":"request","details":{"message":"\u001b[0mOPTIONS /api/v1/connections \u001b[32m204\u001b[0m 0.527 ms - 0\u001b[0m"}}
{"timestamp":"2026-09-22T17:30:50.042Z","level":"http","event":"request","details":{"message":"\u001b[0mGET /api/v1/users?page=1&limit=50&lat=12.9716&lng=77.5946 \u001b[32m200\u001b[0m 174.817 ms - 26100\u001b[0m"}}
{"timestamp":"2026-09-22T17:30:50.301Z","level":"http","event":"request","details":{"message":"\u001b[0mGET /api/v1/users?page=1&limit=50&lat=12.9716&lng=77.5946 \u001b[36m304\u001b[0m 220.036 ms - -\u001b[0m"}}
{"timestamp":"2026-09-22T17:30:50.519Z","level":"http","event":"request","details":{"message":"\u001b[0mGET /api/v1/connections \u001b[32m200\u001b[0m 665.609 ms - 142\u001b[0m"}}
{"timestamp":"2026-09-22T17:30:50.682Z","level":"http","event":"request","details":{"message":"\u001b[0mGET /api/v1/connections \u001b[36m304\u001b[0m 158.705 ms - -\u001b[0m"}}
{"timestamp":"2026-09-22T17:31:19.872Z","level":"http","event":"request","details":{"message":"\u001b[0mOPTIONS /api/v1/connections \u001b[32m204\u001b[0m 0.361 ms - 0\u001b[0m"}}
{"timestamp":"2026-09-22T17:31:20.046Z","level":"http","event":"request","details":{"message":"\u001b[0mGET /api/v1/connections \u001b[36m304\u001b[0m 147.192 ms - -\u001b[0m"}}
{"timestamp":"2026-09-22T17:31:49.822Z","level":"http","event":"request","details":{"message":"\u001b[0mOPTIONS /api/v1/connections \u001b[32m204\u001b[0m 0.109 ms - 0\u001b[0m"}}
{"timestamp":"2026-09-22T17:31:49.977Z","level":"http","event":"request","details":{"message":"\u001b[0mGET /api/v1/connections \u001b[36m304\u001b[0m 148.067 ms - -\u001b[0m"}}
{"timestamp":"2026-09-22T17:32:04.630Z","level":"http","event":"request","details":{"message":"\u001b[0mOPTIONS /api/v1/connections/request/6aaacd1e8e6d59684a546fbe \u001b[32m204\u001b[0m 0.142 ms - 0\u001b[0m"}}
{"timestamp":"2026-09-22T17:32:05.770Z","level":"http","event":"request","details":{"message":"\u001b[0mPOST /api/v1/connections/request/6aaacd1e8e6d59684a546fbe \u001b[32m201\u001b[0m 298.712 ms - 333\u001b[0m"}}
{"timestamp":"2026-09-22T17:32:19.782Z","level":"http","event":"request","details":{"message":"\u001b[0mOPTIONS /api/v1/connections \u001b[32m204\u001b[0m 0.207 ms - 0\u001b[0m"}}
{"timestamp":"2026-09-22T17:32:20.026Z","level":"http","event":"request","details":{"message":"\u001b[0mGET /api/v1/connections \u001b[32m200\u001b[0m 239.180 ms - 1029\u001b[0m"}}
{"timestamp":"2026-09-22T17:32:49.832Z","level":"http","event":"request","details":{"message":"\u001b[0mOPTIONS /api/v1/connections \u001b[32m204\u001b[0m 0.204 ms - 0\u001b[0m"}}
{"timestamp":"2026-09-22T17:32:50.081Z","level":"http","event":"request","details":{"message":"\u001b[0mGET /api/v1/connections \u001b[36m304\u001b[0m 243.443 ms - -\u001b[0m"}}
{"timestamp":"2026-09-22T17:34:30.606Z","level":"http","event":"request","details":{"message":"\u001b[0mOPTIONS /api/v1/connections \u001b[32m204\u001b[0m 1.113 ms - 0\u001b[0m"}}
{"timestamp":"2026-09-22T17:34:30.848Z","level":"http","event":"request","details":{"message":"\u001b[0mGET /api/v1/connections \u001b[36m304\u001b[0m 233.973 ms - -\u001b[0m"}}
{"timestamp":"2026-09-22T17:34:49.849Z","level":"http","event":"request","details":{"message":"\u001b[0mOPTIONS /api/v1/connections \u001b[32m204\u001b[0m 1.091 ms - 0\u001b[0m"}}
{"timestamp":"2026-09-22T17:34:50.280Z","level":"http","event":"request","details":{"message":"\u001b[0mGET /api/v1/connections \u001b[36m304\u001b[0m 417.566 ms - -\u001b[0m"}}
{"timestamp":"2026-09-22T17:35:55.845Z","level":"http","event":"request","details":{"message":"\u001b[0mOPTIONS /api/v1/connections \u001b[32m204\u001b[0m 2.973 ms - 0\u001b[0m"}}
{"timestamp":"2026-09-22T17:35:56.099Z","level":"http","event":"request","details":{"message":"\u001b[0mGET /api/v1/connections \u001b[36m304\u001b[0m 247.617 ms - -\u001b[0m"}}
{"timestamp":"2026-09-22T17:36:23.356Z","level":"http","event":"request","details":{"message":"\u001b[0mOPTIONS /api/v1/connections \u001b[32m204\u001b[0m 0.378 ms - 0\u001b[0m"}}
{"timestamp":"2026-09-22T17:36:23.605Z","level":"http","event":"request","details":{"message":"\u001b[0mGET /api/v1/connections \u001b[36m304\u001b[0m 240.433 ms - -\u001b[0m"}}
{"timestamp":"2026-09-22T17:36:49.831Z","level":"http","event":"request","details":{"message":"\u001b[0mOPTIONS /api/v1/connections \u001b[32m204\u001b[0m 0.271 ms - 0\u001b[0m"}}
{"timestamp":"2026-09-22T17:36:50.065Z","level":"http","event":"request","details":{"message":"\u001b[0mGET /api/v1/connections \u001b[36m304\u001b[0m 226.817 ms - -\u001b[0m"}}
{"timestamp":"2026-09-22T17:39:16.114Z","level":"http","event":"request","details":{"message":"\u001b[0mOPTIONS /api/v1/connections \u001b[32m204\u001b[0m 0.210 ms - 0\u001b[0m"}}
{"timestamp":"2026-09-22T17:39:16.367Z","level":"http","event":"request","details":{"message":"\u001b[0mGET /api/v1/connections \u001b[36m304\u001b[0m 246.953 ms - -\u001b[0m"}}
{"timestamp":"2026-09-22T17:39:55.813Z","level":"http","event":"request","details":{"message":"\u001b[0mOPTIONS /api/v1/connections \u001b[32m204\u001b[0m 0.193 ms - 0\u001b[0m"}}
{"timestamp":"2026-09-22T17:39:56.091Z","level":"http","event":"request","details":{"message":"\u001b[0mGET /api/v1/connections \u001b[36m304\u001b[0m 260.931 ms - -\u001b[0m"}}
{"timestamp":"2026-09-22T17:40:55.822Z","level":"http","event":"request","details":{"message":"\u001b[0mOPTIONS /api/v1/connections \u001b[32m204\u001b[0m 0.255 ms - 0\u001b[0m"}}
{"timestamp":"2026-09-22T17:40:56.066Z","level":"http","event":"request","details":{"message":"\u001b[0mGET /api/v1/connections \u001b[36m304\u001b[0m 235.523 ms - -\u001b[0m"}}
{"timestamp":"2026-09-22T17:41:55.816Z","level":"http","event":"request","details":{"message":"\u001b[0mOPTIONS /api/v1/connections \u001b[32m204\u001b[0m 0.248 ms - 0\u001b[0m"}}
{"timestamp":"2026-09-22T17:41:56.070Z","level":"http","event":"request","details":{"message":"\u001b[0mGET /api/v1/connections \u001b[36m304\u001b[0m 247.405 ms - -\u001b[0m"}}
{"timestamp":"2026-09-22T17:42:20.767Z","level":"warn","event":"auth_failure","details":{"path":"/auth/me"}}
{"timestamp":"2026-09-22T17:42:29.120Z","level":"http","event":"request","details":{"message":"\u001b[0mOPTIONS /api/v1/connections \u001b[32m204\u001b[0m 0.283 ms - 0\u001b[0m"}}
{"timestamp":"2026-09-22T17:42:29.393Z","level":"http","event":"request","details":{"message":"\u001b[0mGET /api/v1/connections \u001b[36m304\u001b[0m 264.470 ms - -\u001b[0m"}}
{"timestamp":"2026-09-22T17:42:31.067Z","level":"http","event":"request","details":{"message":"\u001b[0mOPTIONS /api/v1/users?page=1&limit=50&lat=12.9716&lng=77.5946 \u001b[32m204\u001b[0m 0.222 ms - 0\u001b[0m"}}
{"timestamp":"2026-09-22T17:42:31.097Z","level":"http","event":"request","details":{"message":"\u001b[0mOPTIONS /api/v1/users?page=1&limit=50&lat=12.9716&lng=77.5946 \u001b[32m204\u001b[0m 0.341 ms - 0\u001b[0m"}}
{"timestamp":"2026-09-22T17:42:31.776Z","level":"http","event":"request","details":{"message":"\u001b[0mGET /api/v1/users?page=1&limit=50&lat=12.9716&lng=77.5946 \u001b[36m304\u001b[0m 661.044 ms - -\u001b[0m"}}
{"timestamp":"2026-09-22T17:42:31.813Z","level":"http","event":"request","details":{"message":"\u001b[0mGET /api/v1/connections \u001b[36m304\u001b[0m 740.315 ms - -\u001b[0m"}}
{"timestamp":"2026-09-22T17:42:31.867Z","level":"http","event":"request","details":{"message":"\u001b[0mGET /api/v1/users?page=1&limit=50&lat=12.9716&lng=77.5946 \u001b[36m304\u001b[0m 83.205 ms - -\u001b[0m"}}
{"timestamp":"2026-09-22T17:42:32.083Z","level":"http","event":"request","details":{"message":"\u001b[0mGET /api/v1/connections \u001b[36m304\u001b[0m 266.911 ms - -\u001b[0m"}}
{"timestamp":"2026-09-22T17:42:33.543Z","level":"http","event":"request","details":{"message":"\u001b[0mOPTIONS /auth/me \u001b[32m204\u001b[0m 0.174 ms - 0\u001b[0m"}}
{"timestamp":"2026-09-22T17:42:33.547Z","level":"http","event":"request","details":{"message":"\u001b[0mOPTIONS /api/v1/posts \u001b[32m204\u001b[0m 0.214 ms - 0\u001b[0m"}}
{"timestamp":"2026-09-22T17:42:33.564Z","level":"http","event":"request","details":{"message":"\u001b[0mOPTIONS /api/v1/push/vapid-key \u001b[32m204\u001b[0m 0.232 ms - 0\u001b[0m"}}
{"timestamp":"2026-09-22T17:42:33.572Z","level":"http","event":"request","details":{"message":"\u001b[0mOPTIONS /auth/me \u001b[32m204\u001b[0m 0.279 ms - 0\u001b[0m"}}
{"timestamp":"2026-09-22T17:42:33.597Z","level":"http","event":"request","details":{"message":"\u001b[0mOPTIONS /api/v1/posts \u001b[32m204\u001b[0m 0.182 ms - 0\u001b[0m"}}
{"timestamp":"2026-09-22T17:42:33.607Z","level":"http","event":"request","details":{"message":"\u001b[0mOPTIONS /api/v1/push/vapid-key \u001b[32m204\u001b[0m 0.254 ms - 0\u001b[0m"}}
{"timestamp":"2026-09-22T17:42:33.636Z","level":"http","event":"request","details":{"message":"\u001b[0mGET /api/v1/push/vapid-key \u001b[32m200\u001b[0m 10.579 ms - 123\u001b[0m"}}
{"timestamp":"2026-09-22T17:42:33.650Z","level":"http","event":"request","details":{"message":"\u001b[0mGET /api/v1/push/vapid-key \u001b[36m304\u001b[0m 0.593 ms - -\u001b[0m"}}
{"timestamp":"2026-09-22T17:42:33.655Z","level":"http","event":"request","details":{"message":"\u001b[0mOPTIONS /api/v1/push/subscribe \u001b[32m204\u001b[0m 0.172 ms - 0\u001b[0m"}}
{"timestamp":"2026-09-22T17:42:33.659Z","level":"http","event":"request","details":{"message":"\u001b[0mOPTIONS /api/v1/push/subscribe \u001b[32m204\u001b[0m 0.108 ms - 0\u001b[0m"}}
{"timestamp":"2026-09-22T17:42:33.820Z","level":"http","event":"request","details":{"message":"\u001b[0mGET /auth/me \u001b[32m200\u001b[0m 238.564 ms - 1322\u001b[0m"}}
{"timestamp":"2026-09-22T17:42:33.876Z","level":"http","event":"request","details":{"message":"\u001b[0mGET /api/v1/connections \u001b[36m304\u001b[0m 323.044 ms - -\u001b[0m"}}
{"timestamp":"2026-09-22T17:42:33.909Z","level":"http","event":"request","details":{"message":"\u001b[0mPOST /api/v1/push/subscribe \u001b[32m201\u001b[0m 197.244 ms - 53\u001b[0m"}}
{"timestamp":"2026-09-22T17:42:34.026Z","level":"http","event":"request","details":{"message":"\u001b[0mGET /auth/me \u001b[36m304\u001b[0m 160.090 ms - -\u001b[0m"}}
{"timestamp":"2026-09-22T17:42:34.144Z","level":"http","event":"request","details":{"message":"\u001b[0mGET /api/v1/connections \u001b[36m304\u001b[0m 265.409 ms - -\u001b[0m"}}
{"timestamp":"2026-09-22T17:42:34.374Z","level":"http","event":"request","details":{"message":"\u001b[0mGET /api/v1/posts \u001b[32m200\u001b[0m 763.596 ms - 1101\u001b[0m"}}
{"timestamp":"2026-09-22T17:42:34.411Z","level":"http","event":"request","details":{"message":"\u001b[0mPOST /api/v1/push/subscribe \u001b[32m201\u001b[0m 692.700 ms - 53\u001b[0m"}}
{"timestamp":"2026-09-22T17:42:34.622Z","level":"http","event":"request","details":{"message":"\u001b[0mGET /api/v1/posts \u001b[32m200\u001b[0m 244.759 ms - 1101\u001b[0m"}}
{"timestamp":"2026-09-22T17:44:51.181Z","level":"http","event":"request","details":{"message":"\u001b[0mOPTIONS /auth/me \u001b[32m204\u001b[0m 0.247 ms - 0\u001b[0m"}}
{"timestamp":"2026-09-22T17:44:51.194Z","level":"http","event":"request","details":{"message":"\u001b[0mOPTIONS /api/v1/posts \u001b[32m204\u001b[0m 0.271 ms - 0\u001b[0m"}}
{"timestamp":"2026-09-22T17:44:51.213Z","level":"http","event":"request","details":{"message":"\u001b[0mOPTIONS /api/v1/push/vapid-key \u001b[32m204\u001b[0m 0.111 ms - 0\u001b[0m"}}
{"timestamp":"2026-09-22T17:44:51.231Z","level":"http","event":"request","details":{"message":"\u001b[0mOPTIONS /api/v1/posts \u001b[32m204\u001b[0m 0.156 ms - 0\u001b[0m"}}
{"timestamp":"2026-09-22T17:44:51.244Z","level":"http","event":"request","details":{"message":"\u001b[0mOPTIONS /api/v1/connections \u001b[32m204\u001b[0m 0.198 ms - 0\u001b[0m"}}
{"timestamp":"2026-09-22T17:44:51.250Z","level":"http","event":"request","details":{"message":"\u001b[0mOPTIONS /auth/me \u001b[32m204\u001b[0m 0.244 ms - 0\u001b[0m"}}
{"timestamp":"2026-09-22T17:44:51.260Z","level":"http","event":"request","details":{"message":"\u001b[0mOPTIONS /api/v1/connections \u001b[32m204\u001b[0m 0.204 ms - 0\u001b[0m"}}
{"timestamp":"2026-09-22T17:44:51.307Z","level":"http","event":"request","details":{"message":"\u001b[0mOPTIONS /api/v1/push/vapid-key \u001b[32m204\u001b[0m 0.161 ms - 0\u001b[0m"}}
{"timestamp":"2026-09-22T17:44:51.328Z","level":"http","event":"request","details":{"message":"\u001b[0mGET /api/v1/push/vapid-key \u001b[36m304\u001b[0m 0.561 ms - -\u001b[0m"}}
{"timestamp":"2026-09-22T17:44:51.350Z","level":"http","event":"request","details":{"message":"\u001b[0mGET /api/v1/push/vapid-key \u001b[36m304\u001b[0m 0.484 ms - -\u001b[0m"}}
{"timestamp":"2026-09-22T17:44:51.357Z","level":"http","event":"request","details":{"message":"\u001b[0mOPTIONS /api/v1/push/subscribe \u001b[32m204\u001b[0m 0.156 ms - 0\u001b[0m"}}
{"timestamp":"2026-09-22T17:44:51.369Z","level":"http","event":"request","details":{"message":"\u001b[0mOPTIONS /api/v1/push/subscribe \u001b[32m204\u001b[0m 0.230 ms - 0\u001b[0m"}}
{"timestamp":"2026-09-22T17:44:51.500Z","level":"http","event":"request","details":{"message":"\u001b[0mGET /auth/me \u001b[36m304\u001b[0m 231.271 ms - -\u001b[0m"}}
{"timestamp":"2026-09-22T17:44:51.580Z","level":"http","event":"request","details":{"message":"\u001b[0mPOST /api/v1/push/subscribe \u001b[32m201\u001b[0m 207.948 ms - 53\u001b[0m"}}
{"timestamp":"2026-09-22T17:44:51.652Z","level":"http","event":"request","details":{"message":"\u001b[0mPOST /api/v1/push/subscribe \u001b[32m201\u001b[0m 267.240 ms - 53\u001b[0m"}}
{"timestamp":"2026-09-22T17:44:51.713Z","level":"http","event":"request","details":{"message":"\u001b[0mGET /auth/me \u001b[36m304\u001b[0m 210.970 ms - -\u001b[0m"}}
{"timestamp":"2026-09-22T17:44:52.039Z","level":"http","event":"request","details":{"message":"\u001b[0mGET /api/v1/posts \u001b[32m200\u001b[0m 747.561 ms - 1101\u001b[0m"}}
{"timestamp":"2026-09-22T17:44:52.137Z","level":"http","event":"request","details":{"message":"\u001b[0mGET /api/v1/connections \u001b[36m304\u001b[0m 804.493 ms - -\u001b[0m"}}
{"timestamp":"2026-09-22T17:44:52.293Z","level":"http","event":"request","details":{"message":"\u001b[0mGET /api/v1/posts \u001b[32m200\u001b[0m 240.796 ms - 1101\u001b[0m"}}
{"timestamp":"2026-09-22T17:44:52.411Z","level":"http","event":"request","details":{"message":"\u001b[0mGET /api/v1/connections \u001b[36m304\u001b[0m 267.018 ms - -\u001b[0m"}}
{"timestamp":"2026-09-22T17:45:53.142Z","level":"http","event":"request","details":{"message":"\u001b[0mOPTIONS /api/v1/users?page=1&limit=50&lat=12.9716&lng=77.5946 \u001b[32m204\u001b[0m 0.170 ms - 0\u001b[0m"}}
{"timestamp":"2026-09-22T17:45:53.158Z","level":"http","event":"request","details":{"message":"\u001b[0mOPTIONS /api/v1/connections \u001b[32m204\u001b[0m 0.153 ms - 0\u001b[0m"}}
{"timestamp":"2026-09-22T17:45:53.172Z","level":"http","event":"request","details":{"message":"\u001b[0mOPTIONS /api/v1/connections \u001b[32m204\u001b[0m 0.163 ms - 0\u001b[0m"}}
{"timestamp":"2026-09-22T17:45:53.187Z","level":"http","event":"request","details":{"message":"\u001b[0mOPTIONS /api/v1/users?page=1&limit=50&lat=12.9716&lng=77.5946 \u001b[32m204\u001b[0m 0.180 ms - 0\u001b[0m"}}
{"timestamp":"2026-09-22T17:45:53.396Z","level":"http","event":"request","details":{"message":"\u001b[0mGET /api/v1/users?page=1&limit=50&lat=12.9716&lng=77.5946 \u001b[36m304\u001b[0m 206.120 ms - -\u001b[0m"}}
{"timestamp":"2026-09-22T17:45:53.502Z","level":"http","event":"request","details":{"message":"\u001b[0mGET /api/v1/users?page=1&limit=50&lat=12.9716&lng=77.5946 \u001b[36m304\u001b[0m 100.212 ms - -\u001b[0m"}}
{"timestamp":"2026-09-22T17:45:53.933Z","level":"http","event":"request","details":{"message":"\u001b[0mGET /api/v1/connections \u001b[36m304\u001b[0m 734.201 ms - -\u001b[0m"}}
{"timestamp":"2026-09-22T17:45:54.193Z","level":"http","event":"request","details":{"message":"\u001b[0mGET /api/v1/connections \u001b[36m304\u001b[0m 257.281 ms - -\u001b[0m"}}
{"timestamp":"2026-09-22T17:46:23.819Z","level":"http","event":"request","details":{"message":"\u001b[0mOPTIONS /api/v1/connections \u001b[32m204\u001b[0m 0.074 ms - 0\u001b[0m"}}
{"timestamp":"2026-09-22T17:46:24.062Z","level":"http","event":"request","details":{"message":"\u001b[0mGET /api/v1/connections \u001b[36m304\u001b[0m 237.076 ms - -\u001b[0m"}}
{"timestamp":"2026-09-22T17:46:53.825Z","level":"http","event":"request","details":{"message":"\u001b[0mOPTIONS /api/v1/connections \u001b[32m204\u001b[0m 0.119 ms - 0\u001b[0m"}}
{"timestamp":"2026-09-22T17:46:54.088Z","level":"http","event":"request","details":{"message":"\u001b[0mGET /api/v1/connections \u001b[36m304\u001b[0m 257.122 ms - -\u001b[0m"}}
{"timestamp":"2026-09-22T17:46:58.681Z","level":"http","event":"request","details":{"message":"\u001b[0mOPTIONS /auth/me \u001b[32m204\u001b[0m 0.208 ms - 0\u001b[0m"}}
{"timestamp":"2026-09-22T17:46:58.705Z","level":"http","event":"request","details":{"message":"\u001b[0mOPTIONS /api/v1/posts \u001b[32m204\u001b[0m 0.218 ms - 0\u001b[0m"}}
{"timestamp":"2026-09-22T17:46:58.711Z","level":"http","event":"request","details":{"message":"\u001b[0mOPTIONS /auth/me \u001b[32m204\u001b[0m 0.247 ms - 0\u001b[0m"}}
{"timestamp":"2026-09-22T17:46:58.744Z","level":"http","event":"request","details":{"message":"\u001b[0mOPTIONS /api/v1/posts \u001b[32m204\u001b[0m 7.030 ms - 0\u001b[0m"}}
{"timestamp":"2026-09-22T17:46:58.917Z","level":"http","event":"request","details":{"message":"\u001b[0mGET /auth/me \u001b[36m304\u001b[0m 168.400 ms - -\u001b[0m"}}
{"timestamp":"2026-09-22T17:46:59.083Z","level":"http","event":"request","details":{"message":"\u001b[0mGET /auth/me \u001b[36m304\u001b[0m 163.607 ms - -\u001b[0m"}}
{"timestamp":"2026-09-22T17:46:59.381Z","level":"http","event":"request","details":{"message":"\u001b[0mGET /api/v1/connections \u001b[36m304\u001b[0m 693.730 ms - -\u001b[0m"}}
{"timestamp":"2026-09-22T17:46:59.637Z","level":"http","event":"request","details":{"message":"\u001b[0mGET /api/v1/posts \u001b[32m200\u001b[0m 882.097 ms - 1101\u001b[0m"}}
{"timestamp":"2026-09-22T17:46:59.692Z","level":"http","event":"request","details":{"message":"\u001b[0mGET /api/v1/connections \u001b[36m304\u001b[0m 283.371 ms - -\u001b[0m"}}
{"timestamp":"2026-09-22T17:46:59.940Z","level":"http","event":"request","details":{"message":"\u001b[0mGET /api/v1/posts \u001b[32m200\u001b[0m 300.066 ms - 1101\u001b[0m"}}
{"timestamp":"2026-09-22T17:49:12.164Z","level":"http","event":"request","details":{"message":"\u001b[0mOPTIONS /auth/me \u001b[32m204\u001b[0m 1.193 ms - 0\u001b[0m"}}
{"timestamp":"2026-09-22T17:49:12.168Z","level":"http","event":"request","details":{"message":"\u001b[0mOPTIONS /api/v1/push/vapid-key \u001b[32m204\u001b[0m 0.393 ms - 0\u001b[0m"}}
{"timestamp":"2026-09-22T17:49:12.191Z","level":"http","event":"request","details":{"message":"\u001b[0mOPTIONS /api/v1/posts \u001b[32m204\u001b[0m 0.326 ms - 0\u001b[0m"}}
{"timestamp":"2026-09-22T17:49:12.195Z","level":"http","event":"request","details":{"message":"\u001b[0mOPTIONS /api/v1/connections \u001b[32m204\u001b[0m 0.273 ms - 0\u001b[0m"}}
{"timestamp":"2026-09-22T17:49:12.199Z","level":"http","event":"request","details":{"message":"\u001b[0mOPTIONS /auth/me \u001b[32m204\u001b[0m 0.306 ms - 0\u001b[0m"}}
{"timestamp":"2026-09-22T17:49:12.202Z","level":"http","event":"request","details":{"message":"\u001b[0mOPTIONS /api/v1/posts \u001b[32m204\u001b[0m 0.228 ms - 0\u001b[0m"}}
{"timestamp":"2026-09-22T17:49:12.205Z","level":"http","event":"request","details":{"message":"\u001b[0mOPTIONS /api/v1/connections \u001b[32m204\u001b[0m 0.226 ms - 0\u001b[0m"}}
{"timestamp":"2026-09-22T17:49:12.216Z","level":"http","event":"request","details":{"message":"\u001b[0mOPTIONS /api/v1/push/vapid-key \u001b[32m204\u001b[0m 0.130 ms - 0\u001b[0m"}}
{"timestamp":"2026-09-22T17:49:12.243Z","level":"http","event":"request","details":{"message":"\u001b[0mGET /api/v1/push/vapid-key \u001b[36m304\u001b[0m 8.290 ms - -\u001b[0m"}}
{"timestamp":"2026-09-22T17:49:12.262Z","level":"http","event":"request","details":{"message":"\u001b[0mGET /api/v1/push/vapid-key \u001b[36m304\u001b[0m 0.758 ms - -\u001b[0m"}}
{"timestamp":"2026-09-22T17:49:12.277Z","level":"http","event":"request","details":{"message":"\u001b[0mOPTIONS /api/v1/push/subscribe \u001b[32m204\u001b[0m 0.136 ms - 0\u001b[0m"}}
{"timestamp":"2026-09-22T17:49:12.278Z","level":"http","event":"request","details":{"message":"\u001b[0mOPTIONS /api/v1/push/subscribe \u001b[32m204\u001b[0m 0.083 ms - 0\u001b[0m"}}
{"timestamp":"2026-09-22T17:49:13.027Z","level":"http","event":"request","details":{"message":"\u001b[0mGET /auth/me \u001b[36m304\u001b[0m 819.282 ms - -\u001b[0m"}}
{"timestamp":"2026-09-22T17:49:13.125Z","level":"http","event":"request","details":{"message":"\u001b[0mPOST /api/v1/push/subscribe \u001b[32m201\u001b[0m 809.542 ms - 53\u001b[0m"}}
{"timestamp":"2026-09-22T17:49:13.135Z","level":"http","event":"request","details":{"message":"\u001b[0mPOST /api/v1/push/subscribe \u001b[32m201\u001b[0m 811.659 ms - 53\u001b[0m"}}
{"timestamp":"2026-09-22T17:49:13.371Z","level":"http","event":"request","details":{"message":"\u001b[0mGET /api/v1/connections \u001b[36m304\u001b[0m 1117.126 ms - -\u001b[0m"}}
{"timestamp":"2026-09-22T17:49:13.535Z","level":"http","event":"request","details":{"message":"\u001b[0mGET /auth/me \u001b[36m304\u001b[0m 496.601 ms - -\u001b[0m"}}
{"timestamp":"2026-09-22T17:49:13.655Z","level":"http","event":"request","details":{"message":"\u001b[0mGET /api/v1/posts \u001b[32m200\u001b[0m 1409.022 ms - 1101\u001b[0m"}}
{"timestamp":"2026-09-22T17:49:13.718Z","level":"http","event":"request","details":{"message":"\u001b[0mGET /api/v1/connections \u001b[36m304\u001b[0m 340.972 ms - -\u001b[0m"}}
{"timestamp":"2026-09-22T17:49:13.906Z","level":"http","event":"request","details":{"message":"\u001b[0mGET /api/v1/posts \u001b[32m200\u001b[0m 239.946 ms - 1101\u001b[0m"}}
{"timestamp":"2026-09-22T17:51:56.306Z","level":"http","event":"request","details":{"message":"\u001b[0mOPTIONS /auth/me \u001b[32m204\u001b[0m 3.073 ms - 0\u001b[0m"}}
{"timestamp":"2026-09-22T17:51:56.324Z","level":"http","event":"request","details":{"message":"\u001b[0mOPTIONS /api/v1/push/vapid-key \u001b[32m204\u001b[0m 4.334 ms - 0\u001b[0m"}}
{"timestamp":"2026-09-22T17:51:56.333Z","level":"http","event":"request","details":{"message":"\u001b[0mOPTIONS /api/v1/push/vapid-key \u001b[32m204\u001b[0m 0.634 ms - 0\u001b[0m"}}
{"timestamp":"2026-09-22T17:51:56.350Z","level":"http","event":"request","details":{"message":"\u001b[0mOPTIONS /api/v1/posts \u001b[32m204\u001b[0m 0.262 ms - 0\u001b[0m"}}
{"timestamp":"2026-09-22T17:51:56.357Z","level":"http","event":"request","details":{"message":"\u001b[0mOPTIONS /api/v1/connections \u001b[32m204\u001b[0m 0.264 ms - 0\u001b[0m"}}
{"timestamp":"2026-09-22T17:51:56.365Z","level":"http","event":"request","details":{"message":"\u001b[0mOPTIONS /auth/me \u001b[32m204\u001b[0m 0.279 ms - 0\u001b[0m"}}
{"timestamp":"2026-09-22T17:51:56.376Z","level":"http","event":"request","details":{"message":"\u001b[0mOPTIONS /api/v1/posts \u001b[32m204\u001b[0m 0.503 ms - 0\u001b[0m"}}
{"timestamp":"2026-09-22T17:51:56.383Z","level":"http","event":"request","details":{"message":"\u001b[0mOPTIONS /api/v1/connections \u001b[32m204\u001b[0m 0.298 ms - 0\u001b[0m"}}
{"timestamp":"2026-09-22T17:51:56.439Z","level":"http","event":"request","details":{"message":"\u001b[0mGET /api/v1/push/vapid-key \u001b[36m304\u001b[0m 31.720 ms - -\u001b[0m"}}
{"timestamp":"2026-09-22T17:51:56.444Z","level":"http","event":"request","details":{"message":"\u001b[0mGET /api/v1/push/vapid-key \u001b[36m304\u001b[0m 0.575 ms - -\u001b[0m"}}
{"timestamp":"2026-09-22T17:51:56.463Z","level":"http","event":"request","details":{"message":"\u001b[0mOPTIONS /api/v1/push/subscribe \u001b[32m204\u001b[0m 0.247 ms - 0\u001b[0m"}}
{"timestamp":"2026-09-22T17:51:56.470Z","level":"http","event":"request","details":{"message":"\u001b[0mOPTIONS /api/v1/push/subscribe \u001b[32m204\u001b[0m 0.331 ms - 0\u001b[0m"}}
{"timestamp":"2026-09-22T17:51:56.683Z","level":"http","event":"request","details":{"message":"\u001b[0mGET /auth/me \u001b[32m200\u001b[0m 290.032 ms - 1360\u001b[0m"}}
{"timestamp":"2026-09-22T17:51:56.809Z","level":"http","event":"request","details":{"message":"\u001b[0mPOST /api/v1/push/subscribe \u001b[32m201\u001b[0m 228.904 ms - 53\u001b[0m"}}
{"timestamp":"2026-09-22T17:51:56.825Z","level":"http","event":"request","details":{"message":"\u001b[0mPOST /api/v1/push/subscribe \u001b[32m201\u001b[0m 227.435 ms - 53\u001b[0m"}}
{"timestamp":"2026-09-22T17:51:56.861Z","level":"http","event":"request","details":{"message":"\u001b[0mGET /api/v1/posts \u001b[32m200\u001b[0m 384.861 ms - 1101\u001b[0m"}}
{"timestamp":"2026-09-22T17:51:56.946Z","level":"http","event":"request","details":{"message":"\u001b[0mGET /api/v1/connections \u001b[36m304\u001b[0m 445.629 ms - -\u001b[0m"}}
{"timestamp":"2026-09-22T17:51:56.956Z","level":"http","event":"request","details":{"message":"\u001b[0mGET /auth/me \u001b[36m304\u001b[0m 237.056 ms - -\u001b[0m"}}
{"timestamp":"2026-09-22T17:51:57.178Z","level":"http","event":"request","details":{"message":"\u001b[0mGET /api/v1/posts \u001b[32m200\u001b[0m 310.347 ms - 1101\u001b[0m"}}
{"timestamp":"2026-09-22T17:52:25.245Z","level":"warn","event":"auth_failure","details":{"path":"/auth/me"}}
{"timestamp":"2026-09-22T17:52:43.906Z","level":"warn","event":"auth_failure","details":{"path":"/auth/me"}}
{"timestamp":"2026-09-22T17:55:38.445Z","level":"http","event":"request","details":{"message":"\u001b[0mOPTIONS /auth/me \u001b[32m204\u001b[0m 1.890 ms - 0\u001b[0m"}}
{"timestamp":"2026-09-22T17:55:38.458Z","level":"http","event":"request","details":{"message":"\u001b[0mOPTIONS /api/v1/push/vapid-key \u001b[32m204\u001b[0m 0.701 ms - 0\u001b[0m"}}
{"timestamp":"2026-09-22T17:55:38.463Z","level":"http","event":"request","details":{"message":"\u001b[0mOPTIONS /api/v1/push/vapid-key \u001b[32m204\u001b[0m 0.384 ms - 0\u001b[0m"}}
{"timestamp":"2026-09-22T17:55:38.485Z","level":"http","event":"request","details":{"message":"\u001b[0mOPTIONS /api/v1/posts \u001b[32m204\u001b[0m 0.286 ms - 0\u001b[0m"}}
{"timestamp":"2026-09-22T17:55:38.489Z","level":"http","event":"request","details":{"message":"\u001b[0mOPTIONS /api/v1/connections \u001b[32m204\u001b[0m 0.238 ms - 0\u001b[0m"}}
{"timestamp":"2026-09-22T17:55:38.493Z","level":"http","event":"request","details":{"message":"\u001b[0mOPTIONS /auth/me \u001b[32m204\u001b[0m 0.293 ms - 0\u001b[0m"}}
{"timestamp":"2026-09-22T17:55:38.497Z","level":"http","event":"request","details":{"message":"\u001b[0mOPTIONS /api/v1/posts \u001b[32m204\u001b[0m 0.187 ms - 0\u001b[0m"}}
{"timestamp":"2026-09-22T17:55:38.503Z","level":"http","event":"request","details":{"message":"\u001b[0mOPTIONS /api/v1/connections \u001b[32m204\u001b[0m 0.887 ms - 0\u001b[0m"}}
{"timestamp":"2026-09-22T17:55:38.527Z","level":"http","event":"request","details":{"message":"\u001b[0mGET /api/v1/push/vapid-key \u001b[36m304\u001b[0m 8.622 ms - -\u001b[0m"}}
{"timestamp":"2026-09-22T17:55:38.541Z","level":"http","event":"request","details":{"message":"\u001b[0mGET /api/v1/push/vapid-key \u001b[36m304\u001b[0m 0.919 ms - -\u001b[0m"}}
{"timestamp":"2026-09-22T17:55:38.546Z","level":"http","event":"request","details":{"message":"\u001b[0mOPTIONS /api/v1/push/subscribe \u001b[32m204\u001b[0m 0.170 ms - 0\u001b[0m"}}
{"timestamp":"2026-09-22T17:55:38.564Z","level":"http","event":"request","details":{"message":"\u001b[0mOPTIONS /api/v1/push/subscribe \u001b[32m204\u001b[0m 0.229 ms - 0\u001b[0m"}}
{"timestamp":"2026-09-22T17:55:38.842Z","level":"http","event":"request","details":{"message":"\u001b[0mGET /auth/me \u001b[36m304\u001b[0m 332.411 ms - -\u001b[0m"}}
{"timestamp":"2026-09-22T17:55:38.879Z","level":"http","event":"request","details":{"message":"\u001b[0mPOST /api/v1/push/subscribe \u001b[32m201\u001b[0m 253.610 ms - 53\u001b[0m"}}
{"timestamp":"2026-09-22T17:55:38.920Z","level":"http","event":"request","details":{"message":"\u001b[0mPOST /api/v1/push/subscribe \u001b[32m201\u001b[0m 284.725 ms - 53\u001b[0m"}}
{"timestamp":"2026-09-22T17:55:39.037Z","level":"http","event":"request","details":{"message":"\u001b[0mGET /auth/me \u001b[36m304\u001b[0m 170.277 ms - -\u001b[0m"}}
{"timestamp":"2026-09-22T17:55:39.329Z","level":"http","event":"request","details":{"message":"\u001b[0mGET /api/v1/connections \u001b[36m304\u001b[0m 771.832 ms - -\u001b[0m"}}
{"timestamp":"2026-09-22T17:55:39.355Z","level":"http","event":"request","details":{"message":"\u001b[0mGET /api/v1/posts \u001b[32m200\u001b[0m 805.182 ms - 1101\u001b[0m"}}
{"timestamp":"2026-09-22T17:55:39.589Z","level":"http","event":"request","details":{"message":"\u001b[0mGET /api/v1/connections \u001b[36m304\u001b[0m 250.096 ms - -\u001b[0m"}}
{"timestamp":"2026-09-22T17:55:39.611Z","level":"http","event":"request","details":{"message":"\u001b[0mGET /api/v1/posts \u001b[32m200\u001b[0m 250.715 ms - 1101\u001b[0m"}}
{"timestamp":"2026-09-22T17:55:43.880Z","level":"http","event":"request","details":{"message":"\u001b[0mOPTIONS /api/v1/users?page=1&limit=50&lat=12.9716&lng=77.5946 \u001b[32m204\u001b[0m 0.212 ms - 0\u001b[0m"}}
{"timestamp":"2026-09-22T17:55:43.889Z","level":"http","event":"request","details":{"message":"\u001b[0mOPTIONS /api/v1/connections \u001b[32m204\u001b[0m 0.691 ms - 0\u001b[0m"}}
{"timestamp":"2026-09-22T17:55:43.898Z","level":"http","event":"request","details":{"message":"\u001b[0mOPTIONS /api/v1/users?page=1&limit=50&lat=12.9716&lng=77.5946 \u001b[32m204\u001b[0m 0.477 ms - 0\u001b[0m"}}
{"timestamp":"2026-09-22T17:55:43.907Z","level":"http","event":"request","details":{"message":"\u001b[0mOPTIONS /api/v1/connections \u001b[32m204\u001b[0m 0.490 ms - 0\u001b[0m"}}
{"timestamp":"2026-09-22T17:55:44.059Z","level":"http","event":"request","details":{"message":"\u001b[0mGET /api/v1/users?page=1&limit=50&lat=12.9716&lng=77.5946 \u001b[32m200\u001b[0m 138.065 ms - 27756\u001b[0m"}}
{"timestamp":"2026-09-22T17:55:44.155Z","level":"http","event":"request","details":{"message":"\u001b[0mGET /api/v1/users?page=1&limit=50&lat=12.9716&lng=77.5946 \u001b[36m304\u001b[0m 87.778 ms - -\u001b[0m"}}
{"timestamp":"2026-09-22T17:55:44.166Z","level":"http","event":"request","details":{"message":"\u001b[0mGET /api/v1/connections \u001b[36m304\u001b[0m 236.637 ms - -\u001b[0m"}}
{"timestamp":"2026-09-22T17:55:44.436Z","level":"http","event":"request","details":{"message":"\u001b[0mGET /api/v1/connections \u001b[36m304\u001b[0m 267.293 ms - -\u001b[0m"}}
{"timestamp":"2026-09-22T17:56:13.890Z","level":"http","event":"request","details":{"message":"\u001b[0mOPTIONS /api/v1/connections \u001b[32m204\u001b[0m 0.303 ms - 0\u001b[0m"}}
{"timestamp":"2026-09-22T17:56:14.147Z","level":"http","event":"request","details":{"message":"\u001b[0mGET /api/v1/connections \u001b[36m304\u001b[0m 250.291 ms - -\u001b[0m"}}
{"timestamp":"2026-09-22T17:56:24.147Z","level":"http","event":"request","details":{"message":"\u001b[0mOPTIONS /auth/logout \u001b[32m204\u001b[0m 0.118 ms - 0\u001b[0m"}}
{"timestamp":"2026-09-22T17:56:24.157Z","level":"http","event":"request","details":{"message":"\u001b[0mPOST /auth/logout \u001b[32m200\u001b[0m 2.084 ms - 62\u001b[0m"}}
